100 100 -0.6000000000 5.6000000000 -3.6000000000 2.6000000000
0.0000000000
0.0000000000
0.0000000000
0.0000000000
0.0000000000
0.0000000000
0.0000000000
0.0000000001
0.0000000013
0.0000000111
0.0000000782
0.0000004575
0.0000022557
0.0000095390
0.0000354208
0.0001180329
0.0003562992
0.0009659576
0.0023044167
0.0047377710
0.0082815039
0.0122648145
0.0155087849
0.0170849986
0.0169461074
0.0157684929
0.0142816809
0.0128060619
0.0112477166
0.0093744675
0.0071551122
0.0049078674
0.0031228713
0.0021834175
0.0022791386
0.0034548391
0.0055547981
0.0080939535
0.0103614723
0.0118283497
0.0124642237
0.0126249820
0.0127003082
0.0128878938
0.0131785705
0.0134635090
0.0136609735
0.0137431812
0.0136674427
0.0133311209
0.0125796029
0.0112947918
0.0096484498
0.0083256279
0.0082750649
0.0099382139
0.0125902229
0.0145637509
0.0144030894
0.0119745996
0.0084542969
0.0052848317
0.0032153315
0.0021746281
0.0017339426
0.0015642468
0.0016251469
0.0021886319
0.0038758230
0.0076684047
0.0145212032
0.0242655203
0.0344557506
0.0408250084
0.0399969863
0.0322520425
0.0213575981
0.0116076979
0.0051848405
0.0019152254
0.0005974849
0.0001676312
0.0000485679
0.0000166167
0.0000063479
0.0000023086
0.0000007251
0.0000001896
0.0000000408
0.0000000072
0.0000000010
0.0000000001
0.0000000000
0.0000000000
0.0000000000
0.0000000000
0.0000000000
0.0000000000
0.0000000000
0.0000000000
0.0000000000
0.0000000000
0.0000000000
0.0000000000
0.0000000000
0.0000000000
0.0000000000
0.0000000005
0.0000000055
0.0000000460
0.0000003185
0.0000018232
0.0000086612
0.0000344573
0.0001165630
0.0003426263
0.0008963576
0.0021221177
0.0045475525
0.0086904940
0.0145327666
0.0210117684
0.0262853404
0.0289023064
0.0287831540
0.0269710643
0.0245919484
0.0221525944
0.0195360274
0.0164126804
0.0127572203
0.0090841456
0.0061766067
0.0046575281
0.0048595829
0.0068890493
0.0105022366
0.0148724359
0.0187717318
0.0212838434
0.0223596105
0.0226226142
0.0227533720
0.0230942283
0.0236234623
0.0241447972
0.0245125753
0.0246795481
0.0245748769
0.0240257085
0.0227710894
0.0206108437
0.0178376196
0.0156193667
0.0155725577
0.0184486446
0.0230139143
0.0264303725
0.0262227281
0.0221744756
0.0163032119
0.0110683066
0.0077173717
0.0060673156
0.0053303420
0.0049638352
0.0050182286
0.0060891315
0.0092166371
0.0158072808
0.0270893027
0.0425711124
0.0583548440
0.0678164089
0.0657696193
0.0527839217
0.0349225908
0.0190477443
0.0086182269
0.0033081206
0.0011499597
0.0004149970
0.0001757242
0.0000821269
0.0000363748
0.0000139145
0.0000044364
0.0000011652
0.0000002511
0.0000000444
0.0000000064
0.0000000008
0.0000000001
0.0000000000
0.0000000000
0.0000000000
0.0000000000
0.0000000000
0.0000000000
0.0000000000
0.0000000000
0.0000000000
0.0000000000
0.0000000000
0.0000000000
0.0000000000
0.0000000002
0.0000000018
0.0000000172
0.0000001403
0.0000009564
0.0000053975
0.0000251845
0.0000974064
0.0003145606
0.0008594145
0.0020266183
0.0042274478
0.0079672336
0.0136709139
0.0211930888
0.0292910588
0.0358835230
0.0393282898
0.0395152419
0.0375756182
0.0347335211
0.0315777445
0.0280668250
0.0239306677
0.0192137235
0.0145525962
0.0108880252
0.0090001005
0.0093786961
0.0122574809
0.0173608603
0.0235419287
0.0290501552
0.0325720946
0.0340456226
0.0343823898
0.0345715329
0.0351028644
0.0359293410
0.0367488799
0.0373421135
0.0376443128
0.0375631477
0.0368648309
0.0351941442
0.0322760233
0.0285161108
0.0255361702
0.0255780366
0.0296818087
0.0361394309
0.0410217412
0.0409084510
0.0355294327
0.0277211014
0.0208992977
0.0167184291
0.0147598642
0.0137781149
0.0130679218
0.0130161676
0.0148004960
0.0198155818
0.0293058780
0.0439168318
0.0624263006
0.0801467029
0.0896117407
0.0851362922
0.0677510259
0.0449102622
0.0249113353
0.0118483134
0.0051771132
0.0023699299
0.0012556913
0.0007186757
0.0003866140
0.0001796733
0.0000697283
0.0000223239
0.0000058701
0.0000012657
0.0000002238
0.0000000325
0.0000000039
0.0000000004
0.0000000001
0.0000000000
0.0000000000
0.0000000000
0.0000000000
0.0000000000
0.0000000000
0.0000000000
0.0000000000
0.0000000000
0.0000000000
0.0000000001
0.0000000003
0.0000000012
0.0000000065
0.0000000480
0.0000003564
0.0000023265
0.0000128143
0.0000587343
0.0002229568
0.0007011181
0.0018352707
0.0040409476
0.0076164916
0.0125939502
0.0187643326
0.0256958781
0.0325687114
0.0382049075
0.0416621679
0.0428046308
0.0421109678
0.0401122074
0.0371795054
0.0335564382
0.0293953346
0.0249428595
0.0207317407
0.0174704677
0.0158362735
0.0164536411
0.0198006003
0.0257240268
0.0329371295
0.0393592647
0.0434110649
0.0450327258
0.0453538615
0.0455888390
0.0463216606
0.0474597580
0.0485947622
0.0494411633
0.0499303976
0.0499753450
0.0493288791
0.0476072927
0.0445065275
0.0404804999
0.0373536642
0.0376422764
0.0425084155
0.0500392386
0.0558360770
0.0560850426
0.0505501751
0.0425040398
0.0357973035
0.0321241567
0.0306547563
0.0296550539
0.0284340964
0.0281156917
0.0307879466
0.0379146259
0.0493600548
0.0635530676
0.0779555441
0.0888822994
0.0917114822
0.0833497695
0.0654656951
0.0443109326
0.0264935041
0.0150272705
0.0090477804
0.0061118603
0.0042878025
0.0027876561
0.0015665660
0.0007377079
0.0002873849
0.0000921112
0.0000242326
0.0000052291
0.0000009271
0.0000001365
0.0000000176
0.0000000025
0.0000000006
0.0000000002
0.0000000001
0.0000000000
0.0000000000
0.0000000000
0.0000000000
0.0000000000
0.0000000000
0.0000000001
0.0000000004
0.0000000013
0.0000000037
0.0000000102
0.0000000328
0.0000001511
0.0000008756
0.0000050562
0.0000260720
0.0001149985
0.0004254388
0.0013073210
0.0033232842
0.0069897787
0.0122189562
0.0179432761
0.0225923386
0.0252778899
0.0265345751
0.0278020021
0.0301604243
0.0334200754
0.0362418894
0.0372282357
0.0360569098
0.0335633200
0.0308685314
0.0286272332
0.0269409803
0.0257148443
0.0251449248
0.0259673774
0.0290929515
0.0347341896
0.0417425982
0.0480028494
0.0518683917
0.0532920413
0.0534922280
0.0537629012
0.0546942629
0.0561221479
0.0575417544
0.0586216550
0.0593157344
0.0595878625
0.0592517649
0.0579915197
0.0555396990
0.0522978401
0.0499093400
0.0506310499
0.0554928655
0.0627796420
0.0685555502
0.0694365659
0.0653367253
0.0593693115
0.0550375365
0.0535785192
0.0536001129
0.0529355563
0.0511367107
0.0504413840
0.0540940415
0.0632356861
0.0750280121
0.0839917683
0.0858030510
0.0800103715
0.0692162666
0.0565309497
0.0443199425
0.0342917488
0.0273771131
0.0232837606
0.0206017924
0.0176958325
0.0137761180
0.0092825615
0.0052739512
0.0024914886
0.0009715205
0.0003115222
0.0000820144
0.0000177422
0.0000031777
0.0000004888
0.0000000755
0.0000000168
0.0000000059
0.0000000023
0.0000000008
0.0000000002
0.0000000001
0.0000000000
0.0000000000
0.0000000000
0.0000000002
0.0000000009
0.0000000037
0.0000000126
0.0000000360
0.0000000902
0.0000002217
0.0000006575
0.0000025761
0.0000115539
0.0000509111
0.0002037120
0.0007096744
0.0020960737
0.0051570732
0.0104365898
0.0171731865
0.0226292984
0.0232523870
0.0176375937
0.0087009473
0.0022962458
0.0028738435
0.0100565012
0.0193018097
0.0258433454
0.0281217870
0.0279373125
0.0280323546
0.0297415671
0.0324205091
0.0345920465
0.0356089995
0.0363614105
0.0384723445
0.0428119141
0.0486057595
0.0538958053
0.0570776934
0.0580956338
0.0581426216
0.0584734247
0.0596110865
0.0612927962
0.0629211969
0.0641400028
0.0649629478
0.0654627610
0.0655854331
0.0651573024
0.0639915344
0.0623496118
0.0613816561
0.0626546469
0.0668574213
0.0727798386
0.0776720306
0.0792160012
0.0775535560
0.0751635491
0.0746069181
0.0763485463
0.0784506383
0.0784730796
0.0763331857
0.0753936566
0.0799408586
0.0905477361
0.1013081766
0.1025157468
0.0882545863
0.0625106355
0.0371049379
0.0228790416
0.0226249682
0.0314577897
0.0422155221
0.0498096016
0.0518167152
0.0475015540
0.0378187547
0.0256612076
0.0146093226
0.0069058992
0.0026937843
0.0008643793
0.0002281006
0.0000497805
0.0000092320
0.0000016256
0.0000003668
0.0000001300
0.0000000555
0.0000000222
0.0000000077
0.0000000022
0.0000000005
0.0000000001
0.0000000000
0.0000000002
0.0000000014
0.0000000072
0.0000000298
0.0000001017
0.0000002886
0.0000006972
0.0000015308
0.0000035109
0.0000097536
0.0000322612
0.0001118111
0.0003720120
0.0011350506
0.0030654760
0.0070909193
0.0136240976
0.0210212072
0.0246355041
0.0187653357
0.0016733418
-0.0205230227
-0.0362954596
-0.0369675446
-0.0234375426
-0.0047976577
0.0094934737
0.0162209437
0.0186500248
0.0219017923
0.0283318483
0.0362938975
0.0424171195
0.0449245464
0.0449975001
0.0453524143
0.0478291614
0.0521205958
0.0563654868
0.0589085141
0.0596140741
0.0596052230
0.0600716293
0.0614472575
0.0633469969
0.0650675731
0.0662407461
0.0669858138
0.0675470435
0.0680481956
0.0684713510
0.0687019392
0.0688229432
0.0694015408
0.0711997316
0.0745011862
0.0786472266
0.0822079227
0.0840443004
0.0845169186
0.0853576027
0.0881029120
0.0925353020
0.0964529660
0.0974095518
0.0955861771
0.0948695248
0.0999233947
0.1108622075
0.1201162281
0.1158868869
0.0919231764
0.0556749286
0.0254013793
0.0171027938
0.0332422558
0.0631818868
0.0927472470
0.1123173139
0.1177258880
0.1081193203
0.0860967882
0.0584113162
0.0332516710
0.0157203336
0.0061361731
0.0019736155
0.0005251432
0.0001181304
0.0000244429
0.0000058948
0.0000021144
0.0000009723
0.0000004442
0.0000001801
0.0000000622
0.0000000180
0.0000000043
0.0000000008
0.0000000001
0.0000000015
0.0000000095
0.0000000478
0.0000001982
0.0000006760
0.0000019087
0.0000045317
0.0000094185
0.0000187775
0.0000412031
0.0001057844
0.0002922563
0.0007869674
0.0019749002
0.0045280865
0.0092453962
0.0161397020
0.0226690672
0.0226810176
0.0089855321
-0.0199575513
-0.0546619832
-0.0780498096
-0.0775524029
-0.0552225594
-0.0255956781
-0.0035061619
0.0062714224
0.0093561687
0.0142656809
0.0247967296
0.0379750712
0.0479150039
0.0513626467
0.0499478312
0.0479273282
0.0484347652
0.0515974530
0.0553689125
0.0577733279
0.0584880842
0.0585967309
0.0592920852
0.0609491722
0.0630414959
0.0647295539
0.0656341240
0.0660247167
0.0663737532
0.0669976147
0.0679900937
0.0692535020
0.0707017721
0.0724398447
0.0746073476
0.0771596859
0.0798048487
0.0820348134
0.0835309369
0.0847899495
0.0870160740
0.0910944549
0.0965433592
0.1013463847
0.1033463096
0.1026887138
0.1027415525
0.1075333864
0.1172124189
0.1254536785
0.1225180149
0.1038572784
0.0773748666
0.0606954743
0.0687563523
0.1025878070
0.1494016757
0.1924440535
0.2196327407
0.2243632596
0.2038799071
0.1616672446
0.1095040749
0.0623112997
0.0294752691
0.0115336851
0.0037406773
0.0010239895
0.0002534709
0.0000685870
0.0000256182
0.0000124563
0.0000063122
0.0000029426
0.0000011972
0.0000004137
0.0000001195
0.0000000286
0.0000000056
0.0000000009
0.0000000084
0.0000000517
0.0000002610
0.0000010817
0.0000036858
0.0000103791
0.0000244237
0.0000493195
0.0000908100
0.0001699444
0.0003565387
0.0008200105
0.0018672890
0.0039219901
0.0074193361
0.0125448261
0.0185220666
0.0222699034
0.0176219772
-0.0020993234
-0.0372735109
-0.0762804439
-0.0993682407
-0.0926978169
-0.0605009690
-0.0224175462
0.0022454564
0.0084354905
0.0058107912
0.0077811427
0.0200590869
0.0376839856
0.0511778543
0.0551253302
0.0516035478
0.0468117210
0.0454873053
0.0481267078
0.0521617985
0.0549876014
0.0559982188
0.0563203877
0.0572728065
0.0592319050
0.0615164754
0.0631126252
0.0636165556
0.0634710028
0.0634051893
0.0639147913
0.0651361966
0.0669180588
0.0690385370
0.0713522361
0.0736874207
0.0758194778
0.0775744187
0.0787964148
0.0794779021
0.0801564612
0.0818454178
0.0852781799
0.0901423747
0.0949374179
0.0979326105
0.0988861699
0.0997293217
0.1030914670
0.1099296133
0.1183481156
0.1250056804
0.1289153285
0.1345572098
0.1504409784
0.1831168966
0.2311869404
0.2846361256
0.3301963529
0.3565703272
0.3547067335
0.3184966452
0.2512600029
0.1698614271
0.0966622255
0.0458435815
0.0180985027
0.0060384172
0.0018067768
0.0005677652
0.0002300708
0.0001188075
0.0000654074
0.0000341529
0.0000160134
0.0000065217
0.0000022541
0.0000006512
0.0000001558
0.0000000307
0.0000000050
0.0000000376
0.0000002315
0.0000011690
0.0000048434
0.0000164972
0.0000463894
0.0001086400
0.0002159965
0.0003800893
0.0006408417
0.0011434723
0.0022319645
0.0044369097
0.0081950556
0.0133289195
0.0186719733
0.0221608044
0.0210718373
0.0121714609
-0.0069581074
-0.0340991470
-0.0588089387
-0.0654780610
-0.0448283236
-0.0046687865
0.0326562894
0.0467984438
0.0354501378
0.0149640109
0.0055970301
0.0153929524
0.0362374352
0.0533382653
0.0579345183
0.0522455048
0.0446414663
0.0417073334
0.0442859863
0.0490553101
0.0525670641
0.0538926110
0.0543137470
0.0554126298
0.0576368670
0.0601462333
0.0617177901
0.0618940940
0.0612730740
0.0608197651
0.0611680828
0.0624307883
0.0643456059
0.0665917448
0.0689730054
0.0712982754
0.0733220796
0.0748223781
0.0755690710
0.0754867702
0.0750993940
0.0754958207
0.0775959752
0.0814277766
0.0859606937
0.0897058929
0.0917727962
0.0923938315
0.0928359535
0.0958044193
0.1060904449
0.1294951164
0.1693374254
0.2230687775
0.2830017059
0.3413606512
0.3939060340
0.4382854041
0.4707766311
0.4846559535
0.4696582338
0.4161753402
0.3263375559
0.2202398562
0.1256279343
0.0601687784
0.0244706419
0.0089031323
0.0033174942
0.0015109171
0.0008462465
0.0005041934
0.0002888704
0.0001521521
0.0000714572
0.0000291100
0.0000100620
0.0000029069
0.0000006955
0.0000001371
0.0000000222
0.0000001383
0.0000008524
0.0000043046
0.0000178330
0.0000607254
0.0001706151
0.0003984916
0.0007855061
0.0013473478
0.0021294860
0.0033692395
0.0056680395
0.0098878804
0.0164325119
0.0240545089
0.0293701192
0.0285220979
0.0204606176
0.0088481802
0.0004478416
0.0017319866
0.0170093407
0.0479496855
0.0911266783
0.1337942247
0.1553678762
0.1402027259
0.0930157858
0.0396985101
0.0090233197
0.0114314910
0.0342049385
0.0553067727
0.0612660182
0.0539290487
0.0438452097
0.0395669545
0.0423065890
0.0479115009
0.0520194608
0.0534058983
0.0536240259
0.0546415586
0.0570408127
0.0598278032
0.0615473927
0.0616514111
0.0608394638
0.0602480966
0.0605891430
0.0618986756
0.0637668404
0.0658043258
0.0679110806
0.0700927178
0.0722227425
0.0739807246
0.0748634997
0.0745551203
0.0735645340
0.0732019984
0.0746849367
0.0782515056
0.0829193453
0.0869701326
0.0887692693
0.0873517441
0.0835105068
0.0826116333
0.0968991494
0.1417363351
0.2240985531
0.3318035972
0.4368255175
0.5138497358
0.5561771413
0.5731130363
0.5754170517
0.5645268920
0.5311183199
0.4631681085
0.3607253100
0.2436158905
0.1404612982
0.0694834962
0.0308224816
0.0137607861
0.0071910830
0.0044624192
0.0029085544
0.0018179415
0.0010539553
0.0005565223
0.0002614897
0.0001065337
0.0000368242
0.0000106384
0.0000025452
0.0000005016
0.0000000812
0.0000004203
0.0000025902
0.0000130812
0.0000541905
0.0001844945
0.0005180518
0.0012078988
0.0023689420
0.0040038489
0.0060882589
0.0088821979
0.0132332186
0.0203425569
0.0304768315
0.0409485807
0.0455503517
0.0383659876
0.0212309417
0.0080418571
0.0187768433
0.0653007044
0.1411681220
0.2253634046
0.2948150571
0.3315440488
0.3221524918
0.2619624428
0.1663131894
0.0715248890
0.0144691972
0.0071451351
0.0312806049
0.0567590797
0.0648280168
0.0566218104
0.0446690509
0.0393964897
0.0423894264
0.0487201545
0.0531773615
0.0543125338
0.0540314023
0.0547555743
0.0572389751
0.0603449259
0.0623813525
0.0626833364
0.0619976415
0.0615642620
0.0621172939
0.0635785595
0.0653682301
0.0670458429
0.0686935917
0.0706424559
0.0729810135
0.0753023748
0.0767807478
0.0768245679
0.0759622474
0.0757991174
0.0778380209
0.0822641849
0.0875954207
0.0913766709
0.0913554179
0.0863895130
0.0781206939
0.0750606057
0.0958621346
0.1633651809
0.2863612749
0.4423192016
0.5831089683
0.6665651085
0.6847545698
0.6606249696
0.6216845788
0.5794706595
0.5272811244
0.4518823427
0.3505339402
0.2392754574
0.1429159459
0.0771722564
0.0413558235
0.0249240562
0.0172871016
0.0124758915
0.0085739392
0.0054380051
0.0031636930
0.0016717587
0.0007856101
0.0003200744
0.0001106370
0.0000319627
0.0000076469
0.0000015071
0.0000002440
0.0000010600
0.0000065373
0.0000330250
0.0001368187
0.0004657240
0.0013069966
0.0030430950
0.0059465702
0.0099560334
0.0147840435
0.0204774096
0.0279304266
0.0384996117
0.0521392981
0.0646426070
0.0670575329
0.0516507569
0.0236420893
0.0080084433
0.0387555618
0.1329246676
0.2712867367
0.4070197364
0.4956427865
0.5158359620
0.4664637103
0.3585041064
0.2186326823
0.0901560763
0.0135758239
0.0001255590
0.0264541643
0.0561298505
0.0664451897
0.0580695130
0.0450754541
0.0393246079
0.0426757348
0.0495906966
0.0542085744
0.0549558404
0.0540946697
0.0544732590
0.0570054050
0.0604255217
0.0628266684
0.0634328484
0.0630186142
0.0628964702
0.0637960730
0.0655048224
0.0672581947
0.0685638820
0.0697079687
0.0713822603
0.0739191771
0.0768359562
0.0789861971
0.0795201226
0.0790359466
0.0794971783
0.0826808214
0.0885106364
0.0946014555
0.0974886534
0.0947104950
0.0862267430
0.0758325684
0.0747866197
0.1048992530
0.1916351399
0.3427723908
0.5276478962
0.6843504316
0.7598535114
0.7471043667
0.6813235822
0.6045424965
0.5370530204
0.4745092092
0.4026673668
0.3155777044
0.2237242244
0.1456794218
0.0930677439
0.0642168048
0.0494400653
0.0395357939
0.0301536143
0.0210757765
0.0134272862
0.0078199848
0.0041332027
0.0019424176
0.0007913936
0.0002735549
0.0000790295
0.0000189075
0.0000037264
0.0000006033
0.0000022400
0.0000138479
0.0000700388
0.0002902950
0.0009880804
0.0027711189
0.0064417175
0.0125437818
0.0208402062
0.0304288168
0.0407143608
0.0522766225
0.0663392076
0.0824036932
0.0950187664
0.0932473378
0.0682037850
0.0280705938
0.0068886864
0.0498883812
0.1776737960
0.3594155563
0.5260800082
0.6160123086
0.6085616184
0.5187338813
0.3753462076
0.2137566927
0.0764567681
-0.0007710326
-0.0110573485
0.0192713726
0.0520027687
0.0637958019
0.0557058145
0.0426559324
0.0371246745
0.0410091289
0.0484050303
0.0531160654
0.0535626279
0.0522915644
0.0524575216
0.0550729464
0.0587545619
0.0614240367
0.0622328447
0.0620091148
0.0621567135
0.0634093975
0.0654148341
0.0672113632
0.0682360544
0.0689458150
0.0703499689
0.0729886283
0.0762866040
0.0787812645
0.0793906266
0.0788399606
0.0795341631
0.0835682579
0.0905199244
0.0969272315
0.0983420265
0.0927493192
0.0825793413
0.0748704948
0.0823262292
0.1247347944
0.2230281087
0.3804685967
0.5633216606
0.7078770833
0.7610878298
0.7195248806
0.6258430418
0.5297934818
0.4557098706
0.3992928369
0.3444120355
0.2819036351
0.2171287027
0.1628545299
0.1268755241
0.1066093190
0.0931410967
0.0787130315
0.0611705960
0.0429907701
0.0274294348
0.0159806931
0.0084473286
0.0039699963
0.0016175121
0.0005591200
0.0001615310
0.0000386465
0.0000076170
0.0000012332
0.0000040106
0.0000249896
0.0001268938
0.0005269092
0.0017943054
0.0050288696
0.0116656965
0.0226170565
0.0372598725
0.0535574957
0.0697157654
0.0856930056
0.1025578813
0.1195592111
0.1305154128
0.1233207684
0.0884011998
0.0357917229
0.0052379143
0.0488930607
0.1889926709
0.3862713111
0.5567121924
0.6286107028
0.5861700212
0.4622432870
0.3030819751
0.1483973338
0.0313025425
-0.0256963468
-0.0233902734
0.0118015170
0.0453069740
0.0570239667
0.0493370862
0.0371565580
0.0325747990
0.0372028210
0.0450061023
0.0497849709
0.0500803412
0.0486431020
0.0487978741
0.0515769181
0.0554722057
0.0582644626
0.0590766400
0.0588449745
0.0591208736
0.0606758540
0.0630191615
0.0649746145
0.0658766043
0.0662947882
0.0674792389
0.0701130141
0.0734975147
0.0758541107
0.0758938467
0.0745316048
0.0747167086
0.0789490204
0.0864581957
0.0926638871
0.0922915288
0.0844472151
0.0752422090
0.0757795643
0.0986407584
0.1562022821
0.2576100479
0.3983491724
0.5475103051
0.6528407513
0.6730189746
0.6106236009
0.5092613715
0.4176893849
0.3583936245
0.3244545116
0.2970797729
0.2644900776
0.2286352005
0.1984223502
0.1790201086
0.1670749291
0.1539083464
0.1327573107
0.1038633765
0.0731411340
0.0466934102
0.0272092152
0.0143838521
0.0067603239
0.0027544995
0.0009521834
0.0002751077
0.0000658281
0.0000129774
0.0000021019
0.0000061053
0.0000390021
0.0002005365
0.0008377849
0.0028599819
0.0080152597
0.0185469952
0.0357507864
0.0582620640
0.0822201861
0.1040456517
0.1231172616
0.1410894778
0.1579131424
0.1672927147
0.1560210508
0.1132782527
0.0494174364
0.0070800285
0.0421976993
0.1777581811
0.3696937341
0.5260331621
0.5711177856
0.4958169629
0.3489451418
0.1909419063
0.0620332999
-0.0186030499
-0.0456099411
-0.0283232005
0.0092688668
0.0400194375
0.0495607869
0.0419667929
0.0312324074
0.0281461370
0.0336923676
0.0418264795
0.0465722952
0.0467089846
0.0451864419
0.0454436582
0.0484772245
0.0526099389
0.0554558366
0.0561230856
0.0557157668
0.0560076221
0.0578533898
0.0606241911
0.0629014528
0.0638776725
0.0641836101
0.0652477888
0.0678452700
0.0711350739
0.0730318939
0.0720704814
0.0694216377
0.0686842288
0.0728560989
0.0808359452
0.0868907617
0.0849931690
0.0757605003
0.0696977357
0.0824310439
0.1254048352
0.2002273258
0.2998116070
0.4100683683
0.5070807374
0.5589330074
0.5435822547
0.4703297957
0.3779076040
0.3068441784
0.2735274160
0.2676012318
0.2685041413
0.2633129725
0.2523672632
0.2424322611
0.2370245949
0.2320284537
0.2184496198
0.1899823863
0.1490484166
0.1050588999
0.0670938498
0.0391042855
0.0206748293
0.0097182614
0.0039603199
0.0013693401
0.0003957996
0.0000947809
0.0000187124
0.0000030392
0.0000076177
0.0000526499
0.0002808791
0.0011946275
0.0041118629
0.0115527876
0.0266814198
0.0510806578
0.0821212229
0.1132562026
0.1385496722
0.1573325902
0.1735897367
0.1898907563
0.2004961179
0.1900510077
0.1445214307
0.0726840396
0.0185637593
0.0409398989
0.1642424899
0.3430245129
0.4825567890
0.5066882445
0.4114948425
0.2559756991
0.1088261904
0.0083915890
-0.0388207388
-0.0419815330
-0.0167285686
0.0169911753
0.0405238708
0.0455574068
0.0373856019
0.0282468412
0.0269414887
0.0335196648
0.0418928753
0.0463800214
0.0460993397
0.0443037951
0.0446122514
0.0479725661
0.0524529757
0.0554055922
0.0558932494
0.0552388642
0.0555185474
0.0577180844
0.0610649649
0.0638580627
0.0651060121
0.0654713855
0.0665375448
0.0691562932
0.0723504552
0.0737527990
0.0717602067
0.0678647112
0.0664070596
0.0709620466
0.0801090350
0.0868937694
0.0844495271
0.0748893354
0.0731746988
0.0994874445
0.1639751302
0.2570349736
0.3548520550
0.4338987104
0.4786374220
0.4797146011
0.4357046962
0.3612495508
0.2861370611
0.2384538159
0.2270765584
0.2400702281
0.2581780342
0.2696639196
0.2745313263
0.2780629912
0.2823359823
0.2823130890
0.2683859132
0.2343294229
0.1841268499
0.1298751579
0.0829768363
0.0483779681
0.0255871883
0.0120330394
0.0049072983
0.0016990163
0.0004922906
0.0001184273
0.0000235819
0.0000038916
0.0000061902
0.0000579987
0.0003455256
0.0015432983
0.0054343669
0.0154146788
0.0356433119
0.0678224327
0.1074201996
0.1442231561
0.1693888901
0.1830999547
0.1941579567
0.2103749033
0.2272647471
0.2254274113
0.1845578613
0.1096339724
0.0454182584
0.0540970952
0.1631826104
0.3288523897
0.4572261236
0.4732337574
0.3749868067
0.2243273927
0.0914573864
0.0116808294
-0.0164677047
-0.0104185434
0.0116778870
0.0345540269
0.0470778771
0.0458181948
0.0364120211
0.0287727832
0.0293644086
0.0370842938
0.0456509339
0.0496151028
0.0485074221
0.0460628017
0.0462369449
0.0499540972
0.0549229920
0.0580987593
0.0584394599
0.0575253474
0.0578101187
0.0604525585
0.0645200237
0.0679767888
0.0696071185
0.0701033103
0.0712255603
0.0739261192
0.0771122463
0.0781544726
0.0753393220
0.0705317996
0.0688908545
0.0746420081
0.0860749908
0.0949632770
0.0934491665
0.0848581552
0.0881813678
0.1278215993
0.2129810180
0.3243281780
0.4234513680
0.4787495160
0.4824464911
0.4453514377
0.3838151641
0.3153881623
0.2587598568
0.2281069959
0.2254640773
0.2405178503
0.2591840668
0.2733278670
0.2832795836
0.2926778148
0.3018732343
0.3047656690
0.2911866435
0.2548677036
0.2005319850
0.1415756239
0.0905294729
0.0528347706
0.0279835949
0.0131892517
0.0053996622
0.0018827278
0.0005526912
0.0001361890
0.0000283179
0.0000050371
-0.0000035887
0.0000369116
0.0003444626
0.0017687130
0.0066022764
0.0192161650
0.0448404500
0.0851305619
0.1330190928
0.1736660399
0.1948277319
0.1985547128
0.2011330881
0.2183967635
0.2477762783
0.2636368107
0.2359651736
0.1635231333
0.0912443396
0.0854275626
0.1781667831
0.3296202351
0.4494207869
0.4646849658
0.3732205218
0.2344153475
0.1152500170
0.0475986372
0.0262126596
0.0306777154
0.0431139670
0.0525474027
0.0535094968
0.0459179829
0.0351762594
0.0289336944
0.0314783730
0.0405205237
0.0493857277
0.0526907583
0.0503995168
0.0469132350
0.0467124966
0.0507502583
0.0562895040
0.0597671163
0.0599765204
0.0587762111
0.0590516658
0.0621594194
0.0669764492
0.0710760680
0.0729885162
0.0734632399
0.0745049450
0.0772247934
0.0804291030
0.0812088556
0.0777269042
0.0722354854
0.0707607204
0.0782599961
0.0928321050
0.1050592766
0.1060587205
0.1000355938
0.1093017413
0.1618095071
0.2661068756
0.3950159603
0.4982759979
0.5377752150
0.5121504136
0.4485819710
0.3774038808
0.3172348218
0.2756213836
0.2535832435
0.2477326670
0.2516157892
0.2585938277
0.2653771313
0.2727542675
0.2824254106
0.2928471723
0.2970394506
0.2847322547
0.2497817609
0.1968996651
0.1392973295
0.0893159719
0.0523334061
0.0278894520
0.0132814397
0.0055374900
0.0019948573
0.0006201765
0.0001682132
0.0000405559
0.0000088359
-0.0000322208
-0.0000471662
0.0001756299
0.0016372585
0.0071689570
0.0222295332
0.0532417973
0.1017216729
0.1575390404
0.2003978596
0.2142350630
0.2038860725
0.1954954917
0.2153859104
0.2634676509
0.3058478903
0.2996114453
0.2349389855
0.1560828230
0.1335695757
0.2048018212
0.3354166921
0.4405189050
0.4507300922
0.3633892284
0.2341332024
0.1255604914
0.0662452611
0.0486865379
0.0512385063
0.0567023019
0.0570203078
0.0503389584
0.0386894757
0.0273305894
0.0224861585
0.0270008100
0.0376039996
0.0470436484
0.0497768911
0.0461529497
0.0413643384
0.0405750775
0.0448321230
0.0509172787
0.0546867458
0.0547302483
0.0531774023
0.0533578204
0.0568241196
0.0622289675
0.0667163951
0.0685586557
0.0686129183
0.0692228393
0.0717349151
0.0748526699
0.0753276189
0.0711374031
0.0648795168
0.0634427320
0.0725927967
0.0904355070
0.1066647764
0.1115840382
0.1100093369
0.1266445569
0.1919335671
0.3136669452
0.4583330946
0.5662136918
0.5939961537
0.5453997774
0.4605632835
0.3807985240
0.3253722114
0.2927428858
0.2733400859
0.2597252875
0.2492900694
0.2422104428
0.2394648698
0.2420261685
0.2497027695
0.2594049171
0.2639471381
0.2538110457
0.2234195192
0.1769208845
0.1260175540
0.0816479772
0.0486113222
0.0265655428
0.0131829179
0.0058853176
0.0023653358
0.0008635112
0.0002881283
0.0000872227
0.0000234570
-0.0000946425
-0.0002548562
-0.0003405461
0.0007312928
0.0063466585
0.0232248759
0.0592358306
0.1158289041
0.1794553691
0.2236862990
0.2282317433
0.2012813760
0.1804666640
0.2043014862
0.2755276255
0.3505048569
0.3711066676
0.3172734012
0.2320692854
0.1903733006
0.2351134165
0.3376364601
0.4188357436
0.4134019197
0.3194360158
0.1908362364
0.0877442470
0.0361828099
0.0259593409
0.0332540919
0.0402244951
0.0398275289
0.0319078964
0.0197289139
0.0089099420
0.0054774351
0.0118500538
0.0241514987
0.0344603136
0.0368788988
0.0320411235
0.0259422365
0.0244926948
0.0288836872
0.0354429462
0.0394637777
0.0393219465
0.0373725604
0.0373425971
0.0409542631
0.0466316658
0.0511131125
0.0524529012
0.0516621996
0.0514849332
0.0535505800
0.0564445971
0.0565163700
0.0514855214
0.0442061904
0.0423493815
0.0525184783
0.0730802791
0.0933246768
0.1031612813
0.1078100506
0.1332755841
0.2111396253
0.3480283776
0.5053371213
0.6160521353
0.6328795553
0.5635013554
0.4581550973
0.3668895521
0.3101291495
0.2804262963
0.2610667882
0.2416648479
0.2217936595
0.2057881137
0.1971177009
0.1965236599
0.2023497517
0.2107247470
0.2152138484
0.2080389713
0.1847157475
0.1484348193
0.1082932674
0.0728020796
0.0457650675
0.0270676857
0.0150580093
0.0078656809
0.0038349989
0.0017158781
0.0006857562
0.0002379425
0.0000700760
-0.0001927195
-0.0006459070
-0.0014397956
-0.0015566415
0.0029451925
0.0203376824
0.0604430734
0.1250203350
0.1970378508
0.2434838276
0.2393731907
0.1960747272
0.1628267913
0.1904928902
0.2845570258
0.3912392921
0.4368439898
0.3913573645
0.2979202678
0.2373794593
0.2586155463
0.3367806693
0.3950865062
0.3697931566
0.2604028171
0.1225275728
0.0175847604
-0.0291480832
-0.0307518508
-0.0142883238
0.0003914081
0.0055930679
0.0012880327
-0.0087682243
-0.0182738354
-0.0205151917
-0.0127163518
0.0010349883
0.0122524461
0.0146527358
0.0090327640
0.0020203372
0.0001496576
0.0047490686
0.0117901517
0.0161204238
0.0159253330
0.0136869146
0.0134009508
0.0169138752
0.0225013176
0.0266491013
0.0273033720
0.0256258363
0.0246914548
0.0263563107
0.0290700127
0.0287886380
0.0229588201
0.0145807897
0.0119208903
0.0223262153
0.0446347295
0.0682724991
0.0832502212
0.0949969853
0.1296688440
0.2185666253
0.3667927162
0.5321588531
0.6429548561
0.6494958777
0.5624349195
0.4391840360
0.3361329393
0.2750894085
0.2454374079
0.2263329877
0.2053284458
0.1824948471
0.1637333887
0.1533682258
0.1517188529
0.1562893116
0.1632190956
0.1675736759
0.1639423989
0.1492000568
0.1252586375
0.0978427602
0.0723304989
0.0512968375
0.0350492388
0.0229452186
0.0141508227
0.0079911579
0.0039980718
0.0017220021
0.0006256634
0.0001894094
-0.0002444138
-0.0011447558
-0.0031915285
-0.0056979244
-0.0042076082
0.0115265456
0.0540873644
0.1263136283
0.2080560737
0.2596544168
0.2509363818
0.1952409895
0.1513791846
0.1805132539
0.2901676714
0.4176494102
0.4762008782
0.4289956234
0.3231192063
0.2492559174
0.2632175964
0.3394017837
0.3948456845
0.3604347195
0.2357853018
0.0817114533
-0.0345762829
-0.0854439798
-0.0852724805
-0.0637405963
-0.0429165756
-0.0320575912
-0.0321681152
-0.0397607124
-0.0481232046
-0.0498064024
-0.0414750928
-0.0271131822
-0.0154012089
-0.0127856901
-0.0184292238
-0.0254707132
-0.0271219412
-0.0220075499
-0.0143314765
-0.0094568459
-0.0093269869
-0.0114998796
-0.0119447487
-0.0087562702
-0.0036060336
0.0000703291
0.0003092853
-0.0016608844
-0.0027002068
-0.0009349664
0.0019439416
0.0016421121
-0.0045710103
-0.0136761665
-0.0171530551
-0.0072023451
0.0155908489
0.0413403971
0.0606784015
0.0790191270
0.1214588400
0.2175958550
0.3709176373
0.5379171561
0.6458757645
0.6451219671
0.5483046844
0.4163948114
0.3087394539
0.2475509819
0.2202819453
0.2037078868
0.1841048728
0.1615585565
0.1425334825
0.1316685794
0.1291148980
0.1321685673
0.1374796717
0.1417995211
0.1420088902
0.1361247948
0.1244957823
0.1091318227
0.0920004646
0.0744514268
0.0574990568
0.0418630874
0.0280814551
0.0168311572
0.0087513452
0.0038604070
0.0014248004
0.0004369184
0.0000771389
-0.0012153733
-0.0049108212
-0.0110631638
-0.0148360329
-0.0035489858
0.0391169213
0.1181227393
0.2109547943
0.2716756097
0.2645574058
0.2029735191
0.1516197943
0.1782137808
0.2912124933
0.4216025957
0.4743437542
0.4109244021
0.2876071625
0.2096965821
0.2409808179
0.3490926183
0.4338073057
0.4113352568
0.2788377046
0.1053028944
-0.0318481005
-0.0990008121
-0.1091028497
-0.0925995282
-0.0730406176
-0.0614071307
-0.0602228215
-0.0669152825
-0.0750582897
-0.0770883487
-0.0693991746
-0.0556592502
-0.0442067412
-0.0412556267
-0.0460376535
-0.0519918933
-0.0525954808
-0.0465633949
-0.0380362893
-0.0322750792
-0.0312694085
-0.0328372593
-0.0332264446
-0.0305593667
-0.0261777451
-0.0229940221
-0.0226283707
-0.0239247149
-0.0240729605
-0.0214835012
-0.0179603391
-0.0177829068
-0.0236703430
-0.0327431603
-0.0367288001
-0.0278492515
-0.0060650132
0.0200682304
0.0424369615
0.0662194117
0.1141121709
0.2124468698
0.3630961079
0.5240265147
0.6260329354
0.6225438188
0.5273914760
0.4011613283
0.3021105707
0.2507721396
0.2323164432
0.2215125529
0.2040521196
0.1809154388
0.1599273547
0.1466559800
0.1416106841
0.1422616451
0.1458251874
0.1503886540
0.1544998276
0.1567710050
0.1557976937
0.1499415777
0.1378692674
0.1198718832
0.0979304921
0.0743902016
0.0514367963
0.0314733220
0.0166034706
0.0074146589
0.0027762219
0.0008701118
0.0015329378
0.0005254636
-0.0044494750
-0.0147426286
-0.0254463787
-0.0211784350
0.0188963882
0.1028187654
0.2066540764
0.2790031959
0.2786413019
0.2171904851
0.1614366613
0.1818015438
0.2867128581
0.4038515222
0.4349878688
0.3445237175
0.2012929511
0.1275714660
0.1950093092
0.3599789571
0.4973708545
0.5024822694
0.3684437986
0.1746236206
0.0117357278
-0.0783326388
-0.1056801726
-0.1007144430
-0.0880458032
-0.0800856772
-0.0806703804
-0.0882298876
-0.0970982519
-0.1002227657
-0.0941040115
-0.0819999265
-0.0714910434
-0.0682347313
-0.0716056308
-0.0757533943
-0.0748203326
-0.0677004190
-0.0582501282
-0.0513548159
-0.0489894212
-0.0494458577
-0.0495520259
-0.0475590412
-0.0442583101
-0.0416715004
-0.0408672898
-0.0408768422
-0.0395413666
-0.0357816524
-0.0314313975
-0.0304491307
-0.0353432483
-0.0435816605
-0.0477385551
-0.0405988924
-0.0213956473
0.0034901153
0.0280807768
0.0572276530
0.1098107285
0.2070864447
0.3489396687
0.4970643753
0.5896942130
0.5862383671
0.5015240632
0.3930500915
0.3148955813
0.2836979316
0.2808573950
0.2783144545
0.2616011291
0.2343155898
0.2076502590
0.1893579503
0.1806124062
0.1787816368
0.1811424214
0.1864995238
0.1944046596
0.2036389404
0.2111321694
0.2120513010
0.2021746169
0.1809096862
0.1511971960
0.1169482023
0.0820452276
0.0508521699
0.0272177844
0.0124121731
0.0048110288
0.0015983635
0.0052898533
0.0062625976
0.0017463762
-0.0116039330
-0.0293836735
-0.0336945196
0.0009891513
0.0863085102
0.1979674962
0.2805882464
0.2883767234
0.2302984667
0.1724141400
0.1849846185
0.2760106699
0.3727123285
0.3777088738
0.2603442629
0.1006234999
0.0344637404
0.1388223759
0.3584991230
0.5449110403
0.5742239396
0.4369258687
0.2237503095
0.0391265279
-0.0675148029
-0.1053549200
-0.1068120853
-0.0984445074
-0.0935962091
-0.0963326152
-0.1052637728
-0.1151935479
-0.1196343780
-0.1153123227
-0.1051059604
-0.0957931235
-0.0924359289
-0.0945721899
-0.0971299466
-0.0949670335
-0.0871147831
-0.0770078859
-0.0690218305
-0.0651093681
-0.0641849677
-0.0638582729
-0.0626160606
-0.0606563658
-0.0589950946
-0.0580798585
-0.0571535413
-0.0547789102
-0.0503901077
-0.0456902090
-0.0440428569
-0.0476060237
-0.0544594556
-0.0586554064
-0.0540524964
-0.0389275469
-0.0164029013
0.0108763948
0.0476034682
0.1075114604
0.2047980079
0.3362828958
0.4680881007
0.5477817636
0.5425005994
0.4688668665
0.3812647973
0.3289790306
0.3233637426
0.3399410367
0.3460536850
0.3270663492
0.2911710629
0.2554599293
0.2312207882
0.2199455526
0.2176562965
0.2205621144
0.2275478789
0.2389107004
0.2536834122
0.2676640016
0.2736752656
0.2652861407
0.2411132785
0.2046228678
0.1607366050
0.1146728144
0.0726162785
0.0401468633
0.0193008602
0.0081425005
0.0030666084
0.0124398224
0.0180753245
0.0171415019
0.0035036735
-0.0197865362
-0.0330659024
-0.0067225727
0.0744783179
0.1871844489
0.2745126142
0.2881821889
0.2344735591
0.1765719635
0.1823273928
0.2593553780
0.3372920217
0.3229230024
0.1901846345
0.0239878991
-0.0353336649
0.0893595446
0.3352349848
0.5408557817
0.5730899186
0.4238078717
0.1942323826
-0.0002555826
-0.1063230488
-0.1367181895
-0.1298494746
-0.1159885488
-0.1088910375
-0.1113405509
-0.1207391496
-0.1314182670
-0.1369011537
-0.1339312809
-0.1251300429
-0.1167926247
-0.1136400563
-0.1153542025
-0.1173849081
-0.1150223913
-0.1072744417
-0.0971067186
-0.0883901694
-0.0830892140
-0.0807968253
-0.0799743501
-0.0794410436
-0.0789444019
-0.0786523855
-0.0784752393
-0.0778061890
-0.0757487109
-0.0720346787
-0.0680178164
-0.0662525858
-0.0684762735
-0.0736637037
-0.0779325996
-0.0766514621
-0.0668683720
-0.0473444118
-0.0160985791
0.0318543537
0.1042289668
0.2065286971
0.3310100247
0.4471901255
0.5113459524
0.4984891093
0.4285731622
0.3554524384
0.3255934484
0.3449065200
0.3809628277
0.3943577134
0.3698724719
0.3219229272
0.2757689511
0.2472260971
0.2371343778
0.2382397729
0.2442185748
0.2535907633
0.2676802934
0.2863904663
0.3052493366
0.3157715462
0.3101177463
0.2861981688
0.2474124431
0.1988878075
0.1463994555
0.0971444862
0.0577624888
0.0309610520
0.0151124606
0.0067271996
0.0233083713
0.0366708601
0.0431191521
0.0329956781
0.0070076105
-0.0146683875
0.0003271073
0.0703832222
0.1748173665
0.2589053141
0.2751151388
0.2273234904
0.1731271045
0.1749913547
0.2400442339
0.3037764958
0.2810862618
0.1497846894
-0.0085569391
-0.0611394884
0.0629940552
0.2991858957
0.4877570330
0.4992125062
0.3307609075
0.0904641600
-0.1010609814
-0.1911519571
-0.1993519514
-0.1721220115
-0.1441879513
-0.1294221507
-0.1286182960
-0.1371805095
-0.1481398302
-0.1542898623
-0.1520093955
-0.1437953769
-0.1359308860
-0.1331820122
-0.1353594117
-0.1380726985
-0.1366532731
-0.1299055854
-0.1203491437
-0.1114321210
-0.1051559824
-0.1017306669
-0.1003897877
-0.1003286978
-0.1010865599
-0.1023131680
-0.1035740352
-0.1043323878
-0.1039518429
-0.1021716904
-0.0998001562
-0.0984600469
-0.0994441053
-0.1027992092
-0.1070599838
-0.1093913834
-0.1055637988
-0.0895088738
-0.0539120489
0.0071590418
0.0958412015
0.2090064850
0.3334751804
0.4397702836
0.4896267704
0.4640324677
0.3876025831
0.3175399668
0.3011163201
0.3400247947
0.3929669276
0.4123764931
0.3818012994
0.3222202901
0.2677579798
0.2388018721
0.2344552313
0.2426000428
0.2533662276
0.2649369041
0.2803784984
0.3012939819
0.3236534188
0.3383240063
0.3366300855
0.3160914069
0.2800776144
0.2336285366
0.1820754458
0.1317511431
0.0884456273
0.0549737466
0.0312321499
0.0158289773
0.0372340441
0.0610011270
0.0784310512
0.0758993267
0.0508293477
0.0222509680
0.0232390447
0.0745253867
0.1603288588
0.2329969583
0.2500114247
0.2128633369
0.1691700739
0.1711153054
0.2245768799
0.2754076142
0.2524888928
0.1384273884
0.0041979061
-0.0363026564
0.0755278468
0.2784858810
0.4279369103
0.4089599146
0.2250864877
-0.0163624832
-0.1981509063
-0.2717684972
-0.2614407136
-0.2176586854
-0.1772414402
-0.1543596513
-0.1492271519
-0.1563044763
-0.1674244315
-0.1741709516
-0.1721634312
-0.1638358336
-0.1558592577
-0.1533968924
-0.1564186061
-0.1604476455
-0.1605875987
-0.1553471907
-0.1468797022
-0.1383118522
-0.1316489013
-0.1275052489
-0.1256292427
-0.1255326035
-0.1267994192
-0.1289638388
-0.1315058335
-0.1339272277
-0.1356251728
-0.1361318074
-0.1356300654
-0.1348291957
-0.1345826789
-0.1359305131
-0.1396971026
-0.1448710342
-0.1464212025
-0.1343818973
-0.0967916451
-0.0260155557
0.0772334181
0.2045034031
0.3381214399
0.4462791542
0.4901417910
0.4521958399
0.3617753673
0.2831319414
0.2685632888
0.3183512142
0.3838336848
0.4098711971
0.3780983560
0.3140560535
0.2584090855
0.2345722623
0.2393142444
0.2555932712
0.2703137241
0.2820762479
0.2966310660
0.3179061219
0.3423732523
0.3600047529
0.3613182480
0.3442520313
0.3136065464
0.2753240505
0.2332833794
0.1896397379
0.1456354288
0.1028651247
0.0646706971
0.0351270635
0.0529387742
0.0888907015
0.1200652665
0.1288426465
0.1086631137
0.0756013964
0.0610146678
0.0869039062
0.1447845013
0.1994717135
0.2180198467
0.1990573900
0.1744468681
0.1797033693
0.2182652436
0.2519312958
0.2313693928
0.1468867181
0.0535037846
0.0366089070
0.1370248103
0.3009718805
0.4090547729
0.3682695545
0.1858265239
-0.0430916590
-0.2157286514
-0.2895372439
-0.2852416287
-0.2466053158
-0.2067839496
-0.1809818433
-0.1726051680
-0.1782942685
-0.1898639580
-0.1975522866
-0.1958324857
-0.1870148876
-0.1783949838
-0.1757836476
-0.1793957795
-0.1846121959
-0.1862390239
-0.1825135501
-0.1753425933
-0.1676254471
-0.1612742655
-0.1569684870
-0.1545678199
-0.1537380283
-0.1543213726
-0.1561374636
-0.1588628665
-0.1620719697
-0.1650822687
-0.1671385913
-0.1678658112
-0.1672266782
-0.1656632879
-0.1648444528
-0.1672320675
-0.1733780758
-0.1784829837
-0.1711235098
-0.1369271339
-0.0658477638
0.0434676546
0.1837934437
0.3359657699
0.4622015151
0.5151582263
0.4722589397
0.3659475295
0.2699525372
0.2454012435
0.2952134746
0.3675695711
0.4027648123
0.3800114761
0.3249970023
0.2794163292
0.2666004786
0.2812136056
0.3032310527
0.3182384836
0.3265932200
0.3375146318
0.3573523964
0.3823863705
0.4006039147
0.4012839445
0.3840912414
0.3580883771
0.3323759303
0.3085128663
0.2800776198
0.2386493519
0.1826070458
0.1210778707
0.0679111752
0.0686476771
0.1171500641
0.1631716441
0.1855073076
0.1734665238
0.1389905350
0.1098999792
0.1084999265
0.1349315141
0.1697213767
0.1920901444
0.1969609092
0.1959864687
0.2033571910
0.2197468469
0.2282740946
0.2086781843
0.1621038133
0.1238223892
0.1433779600
0.2396347151
0.3690924922
0.4448711323
0.4003377256
0.2419736449
0.0405733875
-0.1267935560
-0.2241841099
-0.2581556764
-0.2524521871
-0.2296600332
-0.2072075754
-0.1966280399
-0.2007990568
-0.2130930025
-0.2222952067
-0.2212394696
-0.2119055625
-0.2023007724
-0.1990453873
-0.2027103477
-0.2085955734
-0.2112640389
-0.2087693707
-0.2028996866
-0.1964122169
-0.1910244683
-0.1871448084
-0.1843432640
-0.1822458437
-0.1810772802
-0.1812307615
-0.1827957471
-0.1854780980
-0.1884993768
-0.1908544053
-0.1917910925
-0.1907970214
-0.1879579879
-0.1850521592
-0.1852165610
-0.1900888315
-0.1963196904
-0.1941302028
-0.1697619022
-0.1103905825
-0.0072951554
0.1409441760
0.3176755626
0.4765778194
0.5549063618
0.5187588334
0.4008581194
0.2844430828
0.2412995342
0.2808625685
0.3538153664
0.4005211184
0.3977009280
0.3658214100
0.3407351630
0.3421293561
0.3637650723
0.3862002616
0.3966222026
0.3983049849
0.4037919609
0.4210811395
0.4451814152
0.4610006751
0.4562520637
0.4337186682
0.4096337701
0.3986633744
0.3995416144
0.3935037564
0.3579761366
0.2862277122
0.1948899392
0.1109719061
0.0817496893
0.1409344279
0.2000085325
0.2351029705
0.2322347750
0.1996701514
0.1617769250
0.1407472538
0.1439700779
0.1653182099
0.1939014184
0.2200559898
0.2358928339
0.2357779873
0.2197500812
0.1952185488
0.1739148757
0.1686145863
0.1924667832
0.2553832322
0.3524196247
0.4523437003
0.5050570356
0.4724986325
0.3566790489
0.1950154125
0.0309320134
-0.1063123199
-0.2008303221
-0.2462466919
-0.2495741096
-0.2319341008
-0.2173954362
-0.2184931479
-0.2312190281
-0.2424447201
-0.2426470996
-0.2331097065
-0.2225170289
-0.2183879174
-0.2217392326
-0.2278635457
-0.2311520858
-0.2295575920
-0.2248538502
-0.2197418046
-0.2157170654
-0.2127450914
-0.2098885640
-0.2065962680
-0.2034535269
-0.2014688134
-0.2011858786
-0.2024687278
-0.2044909173
-0.2061229001
-0.2064923446
-0.2049432488
-0.2013039818
-0.1969511777
-0.1946814501
-0.1965864890
-0.2016697477
-0.2044551921
-0.1946282442
-0.1569626848
-0.0720627166
0.0752873640
0.2745350535
0.4711261634
0.5849040005
0.5677878690
0.4493283293
0.3184885948
0.2555716417
0.2784042065
0.3456717245
0.4030391499
0.4254850476
0.4238879446
0.4224473548
0.4346573361
0.4556734541
0.4712454639
0.4732849003
0.4679495974
0.4690382119
0.4841493737
0.5061036599
0.5168016259
0.5029436613
0.4712978148
0.4464042253
0.4494493622
0.4764761929
0.4956243836
0.4691493238
0.3845126078
0.2655592700
0.1524018626
0.0892673893
0.1546837447
0.2216003158
0.2649275692
0.2693069529
0.2416501777
0.2051511945
0.1821147532
0.1827132458
0.2054369676
0.2416137331
0.2764800190
0.2897863243
0.2651633200
0.2067561544
0.1452812294
0.1207838120
0.1547892104
0.2376146405
0.3404317795
0.4359069217
0.5065053508
0.5401459206
0.5275290934
0.4641535321
0.3501187848
0.1919266585
0.0122342033
-0.1471077523
-0.2454303458
-0.2724363988
-0.2543961294
-0.2307504021
-0.2256030979
-0.2377311883
-0.2512360579
-0.2533583200
-0.2442029910
-0.2329834926
-0.2281232581
-0.2311259480
-0.2373209375
-0.2409772738
-0.2399985785
-0.2362104433
-0.2323420714
-0.2297387409
-0.2279715885
-0.2256273354
-0.2219338907
-0.2176627791
-0.2142028969
-0.2123895675
-0.2122137905
-0.2128850038
-0.2133335403
-0.2128674301
-0.2110480479
-0.2075942752
-0.2030678157
-0.1990015054
-0.1972028739
-0.1993632193
-0.2059507373
-0.2122030162
-0.2017722229
-0.1444276620
-0.0098233710
0.2000105955
0.4262109075
0.5757945569
0.5884712739
0.4868844437
0.3575815495
0.2824545477
0.2867853228
0.3418355457
0.4039310122
0.4481277772
0.4734292773
0.4889334118
0.5010787005
0.5096034911
0.5104486771
0.5029385067
0.4943899500
0.4955336667
0.5102527010
0.5289205849
0.5324803693
0.5085681597
0.4678818353
0.4414066919
0.4552191843
0.5033916229
0.5443844094
0.5292025418
0.4406655947
0.3070532643
0.1770664232
0.0894475314
0.1550860334
0.2224898503
0.2669729110
0.2741264611
0.2525762730
0.2275381745
0.2219664735
0.2432127514
0.2833425811
0.3265495878
0.3534363267
0.3423277649
0.2790312279
0.1767238086
0.0838064112
0.0586112050
0.1254648503
0.2536232071
0.3819263710
0.4659466882
0.5030203061
0.5173392292
0.5263532213
0.5182018083
0.4559781869
0.3099390970
0.0962144935
-0.1181842793
-0.2593940255
-0.3007291576
-0.2744356319
-0.2360409506
-0.2214244826
-0.2316872257
-0.2473969220
-0.2519114561
-0.2437432046
-0.2324016061
-0.2271121944
-0.2298510451
-0.2360228687
-0.2398297445
-0.2391628434
-0.2359281805
-0.2329445300
-0.2315237053
-0.2310239836
-0.2297453121
-0.2267227754
-0.2226760733
-0.2190064339
-0.2165747066
-0.2154282488
-0.2148924125
-0.2141374940
-0.2129264954
-0.2113613185
-0.2092175939
-0.2059810080
-0.2012292869
-0.1957770546
-0.1937903986
-0.2021688793
-0.2228314309
-0.2401417794
-0.2155924000
-0.1058676514
0.0965352704
0.3347854027
0.5124868128
0.5628188159
0.4980310257
0.3915789736
0.3169622197
0.3038115594
0.3392777829
0.3952831210
0.4497062696
0.4898163296
0.5089458701
0.5071319106
0.4916742987
0.4725863481
0.4580033406
0.4533226876
0.4606947843
0.4766933146
0.4902041729
0.4854596179
0.4544014400
0.4105403984
0.3861263973
0.4074297010
0.4671957793
0.5209019523
0.5163634733
0.4348015697
0.3048205997
0.1763547135
0.0825776495
0.1425760724
0.2030870966
0.2410857230
0.2447983099
0.2266601035
0.2160574931
0.2369524549
0.2901697167
0.3542765014
0.4010106848
0.4085957681
0.3641017948
0.2661773435
0.1383431988
0.0356193394
0.0190615128
0.1081487608
0.2569869021
0.3856279755
0.4426544436
0.4410412485
0.4355579722
0.4650624303
0.5097980343
0.4996963435
0.3728966373
0.1391826919
-0.1135940736
-0.2837393478
-0.3308524624
-0.2924410523
-0.2378888836
-0.2130786127
-0.2208040218
-0.2382277966
-0.2450497649
-0.2381342694
-0.2270029274
-0.2214216613
-0.2237589447
-0.2295735232
-0.2331140864
-0.2323109352
-0.2291434264
-0.2265226444
-0.2258051371
-0.2263147141
-0.2262693970
-0.2245734584
-0.2217234906
-0.2188452214
-0.2166081319
-0.2150403261
-0.2136106839
-0.2118194823
-0.2100293282
-0.2090631755
-0.2088877781
-0.2078854283
-0.2034338619
-0.1948910406
-0.1881836089
-0.1957898955
-0.2260727132
-0.2658995343
-0.2729684251
-0.1960061077
-0.0187448733
0.2107140842
0.4037372105
0.4944468237
0.4824173485
0.4180047142
0.3563209212
0.3271416967
0.3348414385
0.3703293655
0.4175727889
0.4551401643
0.4633448944
0.4377193663
0.3941960582
0.3573079458
0.3428612529
0.3506075722
0.3692893613
0.3859146338
0.3907283371
0.3776391314
0.3474293240
0.3141103859
0.3026364149
0.3314098324
0.3915005300
0.4437451388
0.4433621234
0.3747248085
0.2631792944
0.1524011093
0.0702712150
0.1200565010
0.1677588634
0.1926317208
0.1860121330
0.1642837443
0.1609520834
0.2008390721
0.2780974315
0.3581455412
0.4020292489
0.3898128289
0.3237768925
0.2200973517
0.1083739596
0.0341365451
0.0416402988
0.1376218140
0.2719837032
0.3670893523
0.3793642891
0.3370388260
0.3145858044
0.3625774919
0.4528675461
0.4899420335
0.3878458618
0.1506327349
-0.1206022195
-0.3057619833
-0.3548826269
-0.3080043402
-0.2426681942
-0.2107971395
-0.2163187629
-0.2344778186
-0.2427869082
-0.2369212599
-0.2260742147
-0.2200814238
-0.2215439214
-0.2263210399
-0.2289148922
-0.2273790374
-0.2237189438
-0.2208566082
-0.2201853660
-0.2210991428
-0.2218824756
-0.2213870610
-0.2198509196
-0.2180290726
-0.2163133537
-0.2146536358
-0.2126173514
-0.2099936719
-0.2077045249
-0.2072734266
-0.2089316528
-0.2102070240
-0.2065964754
-0.1959105687
-0.1846748128
-0.1886956613
-0.2209906358
-0.2723096182
-0.3023787247
-0.2593062381
-0.1207812119
0.0795220792
0.2716283781
0.3986271387
0.4470757829
0.4371775678
0.3977883978
0.3541994324
0.3266716041
0.3259249680
0.3452873923
0.3606342308
0.3456470930
0.2943117602
0.2294879784
0.1860893087
0.1834089068
0.2118530493
0.2439559880
0.2572224242
0.2480363169
0.2278675451
0.2114535463
0.2098794390
0.2295386900
0.2700979149
0.3192966121
0.3520130933
0.3425124256
0.2843399568
0.1975811164
0.1137331467
0.0551313297
0.0923327656
0.1241205665
0.1320904075
0.1101469585
0.0771216084
0.0687145247
0.1099705674
0.1910424240
0.2703498148
0.3051497634
0.2819166374
0.2197462653
0.1507414082
0.1027133530
0.0956209265
0.1394182591
0.2227480409
0.3049804061
0.3342867380
0.2902884686
0.2134428729
0.1823095494
0.2460584103
0.3684036060
0.4403832405
0.3641932420
0.1397581105
-0.1285764861
-0.3149978812
-0.3655260028
-0.3188146240
-0.2525558955
-0.2192727441
-0.2235341820
-0.2411072303
-0.2496561415
-0.2444684672
-0.2340053479
-0.2275378536
-0.2276716753
-0.2307498428
-0.2317918927
-0.2290724906
-0.2245327561
-0.2209497881
-0.2196775120
-0.2202314662
-0.2210729465
-0.2210957448
-0.2203496862
-0.2192725428
-0.2179966994
-0.2163588083
-0.2139408723
-0.2106931369
-0.2079183503
-0.2076601221
-0.2104278525
-0.2133351066
-0.2107371091
-0.1991400556
-0.1843410843
-0.1824504867
-0.2083652730
-0.2575024996
-0.2975266886
-0.2839273150
-0.1922811852
-0.0380917393
0.1359679897
0.2891180048
0.3966969389
0.4461572225
0.4359514940
0.3825693788
0.3179726700
0.2702513002
0.2442389218
0.2204421314
0.1742953071
0.1017100140
0.0289659408
-0.0056313920
0.0150113156
0.0693592576
0.1135792105
0.1177683391
0.0894546959
0.0644069205
0.0752685390
0.1266382949
0.1958851814
0.2537805726
0.2826732310
0.2784834370
0.2442656083
0.1882741959
0.1248963994
0.0699877122
0.0414491052
0.0674127237
0.0851650365
0.0782998628
0.0422054233
-0.0040369168
-0.0252438457
0.0029529753
0.0702936105
0.1359807526
0.1608932209
0.1398170325
0.1043361264
0.0953724898
0.1318405293
0.2013009368
0.2743869413
0.3233565447
0.3286072225
0.2800286025
0.1884185399
0.0984732284
0.0741294730
0.1490409652
0.2812550429
0.3651535532
0.3078276137
0.1084628600
-0.1362018795
-0.3091340392
-0.3592115626
-0.3203107149
-0.2623295989
-0.2328791832
-0.2366196971
-0.2522691757
-0.2599866380
-0.2554537700
-0.2459607363
-0.2395516427
-0.2385773364
-0.2400056096
-0.2395995693
-0.2359175353
-0.2306999972
-0.2263800917
-0.2241794715
-0.2237955204
-0.2239943607
-0.2238289486
-0.2232615677
-0.2225002871
-0.2214677930
-0.2198825255
-0.2172830119
-0.2136546944
-0.2104590314
-0.2100025480
-0.2130328011
-0.2167223987
-0.2151681991
-0.2040573586
-0.1874585765
-0.1791080033
-0.1930515517
-0.2292886021
-0.2672616640
-0.2755946024
-0.2315393587
-0.1321629171
0.0102954972
0.1751165631
0.3305858541
0.4355922971
0.4602930733
0.4096170899
0.3200277021
0.2302206946
0.1555941044
0.0868910132
0.0086448090
-0.0782650099
-0.1474706781
-0.1636819678
-0.1162686702
-0.0383944398
0.0130207804
0.0040234335
-0.0446677951
-0.0721495536
-0.0281737725
0.0835004113
0.2079286600
0.2839559558
0.2878357321
0.2384051610
0.1702162772
0.1081218435
0.0616293580
0.0311466817
0.0347121379
0.0555410423
0.0675600115
0.0556602530
0.0153989230
-0.0360945141
-0.0668213705
-0.0540565152
-0.0053520050
0.0456680762
0.0681505325
0.0625125846
0.0622668272
0.1055397874
0.1991200907
0.3065902976
0.3733450132
0.3666828868
0.2939227955
0.1880545699
0.0863195235
0.0234401780
0.0285540571
0.1067468113
0.2161965584
0.2763992901
0.2205385146
0.0525948566
-0.1491280551
-0.2917938357
-0.3352997500
-0.3069597438
-0.2624797224
-0.2398453273
-0.2430911958
-0.2556585978
-0.2619782554
-0.2586562108
-0.2513684983
-0.2463437931
-0.2454275072
-0.2462812329
-0.2455550882
-0.2420890476
-0.2372292713
-0.2328305493
-0.2298982857
-0.2284180764
-0.2276434447
-0.2269292314
-0.2262279118
-0.2255595059
-0.2246678916
-0.2231832029
-0.2206142274
-0.2169186266
-0.2135127759
-0.2126839429
-0.2153246493
-0.2190656807
-0.2185898426
-0.2094342311
-0.1935990673
-0.1808669142
-0.1824347474
-0.2017320129
-0.2302764030
-0.2513624084
-0.2466654679
-0.1991209235
-0.0952128696
0.0634090133
0.2446263006
0.3913181311
0.4554651360
0.4301883019
0.3463217610
0.2415618050
0.1366148103
0.0342806976
-0.0676217264
-0.1613921864
-0.2225890988
-0.2226543144
-0.1583839866
-0.0700654824
-0.0202840827
-0.0428255441
-0.1068365612
-0.1346340779
-0.0650726111
0.0908000537
0.2540297997
0.3400945492
0.3210472937
0.2330355793
0.1342502901
0.0621783733
0.0232398984
0.0069887665
0.0389265941
0.0640894010
0.0830441717
0.0809113912
0.0520194061
0.0097664212
-0.0190583296
-0.0141541521
0.0217063700
0.0659298764
0.0972950149
0.1160358562
0.1443443152
0.2049431076
0.2933436034
0.3684809737
0.3774598492
0.2996764250
0.1692610240
0.0511965696
-0.0054503770
0.0070239742
0.0649811461
0.1351701152
0.1840570426
0.1793898313
0.1024614715
-0.0317352270
-0.1733694837
-0.2685870940
-0.2966634018
-0.2778190227
-0.2487705460
-0.2340897491
-0.2363618128
-0.2448517383
-0.2494448499
-0.2479681046
-0.2440890406
-0.2417642706
-0.2421665548
-0.2437459461
-0.2441812504
-0.2425583375
-0.2395702792
-0.2362017379
-0.2331381879
-0.2307733544
-0.2290558987
-0.2277902805
-0.2269610201
-0.2263870149
-0.2256382628
-0.2243147874
-0.2219765937
-0.2185583878
-0.2152682876
-0.2140995603
-0.2159548307
-0.2192024846
-0.2198106610
-0.2139008146
-0.2016604725
-0.1884644345
-0.1815384680
-0.1858527896
-0.2023086560
-0.2267022186
-0.2466844700
-0.2386713114
-0.1740654569
-0.0405284289
0.1371463713
0.3036118613
0.4081406291
0.4341589377
0.3961233372
0.3171461494
0.2153681378
0.1040830592
-0.0047490364
-0.0963157294
-0.1493380284
-0.1436312259
-0.0818329007
-0.0037555204
0.0327409935
-0.0011805485
-0.0713534014
-0.0983752295
-0.0215136862
0.1442947557
0.3131619656
0.3945407979
0.3602309405
0.2525827065
0.1377216200
0.0573112814
0.0168175188
0.0023348033
0.0541953608
0.0929037114
0.1305291179
0.1509304644
0.1458755578
0.1242290192
0.1070572812
0.1121269702
0.1420368758
0.1858225676
0.2306908746
0.2718335371
0.3117719350
0.3510402780
0.3774955587
0.3632479631
0.2801261291
0.1321105661
-0.0250278367
-0.1101305114
-0.0779314569
0.0408001549
0.1616594013
0.2107056440
0.1701325015
0.0714213242
-0.0420327867
-0.1407387345
-0.2104817253
-0.2465079897
-0.2531416179
-0.2431325708
-0.2309247963
-0.2250562838
-0.2260241186
-0.2295578752
-0.2317127489
-0.2317140392
-0.2309829603
-0.2309679820
-0.2322167826
-0.2342798159
-0.2361691674
-0.2372264719
-0.2371864371
-0.2357963423
-0.2332377100
-0.2303467742
-0.2278979858
-0.2262410238
-0.2254048390
-0.2249771939
-0.2243543011
-0.2231758872
-0.2211610313
-0.2182676437
-0.2153917326
-0.2140165928
-0.2149055976
-0.2172690060
-0.2187568309
-0.2166375761
-0.2098593928
-0.1998107473
-0.1895256268
-0.1836757668
-0.1886470658
-0.2087477898
-0.2379484791
-0.2538459944
-0.2245406099
-0.1304316454
0.0165718521
0.1782045174
0.3151463350
0.4048707647
0.4392536986
0.4178970286
0.3502165990
0.2568619429
0.1620326569
0.0859671172
0.0447855107
0.0486202335
0.0906664636
0.1390653097
0.1507996069
0.1066487166
0.0375690524
0.0102726315
0.0744203864
0.2149512700
0.3562652286
0.4192399839
0.3794290185
0.2742609171
0.1620156010
0.0797712124
0.0334628648
0.0122659324
0.0769569221
0.1348194406
0.1971103611
0.2445467070
0.2652556767
0.2642207038
0.2584979116
0.2642865895
0.2883357189
0.3280914084
0.3760472673
0.4218156014
0.4509928161
0.4465076727
0.3938294549
0.2842729188
0.1195626915
-0.0723053283
-0.2234731693
-0.2508034359
-0.1220725956
0.0949093919
0.2639001287
0.2790145970
0.1420236884
-0.0523291078
-0.2006412922
-0.2610409379
-0.2567467461
-0.2333525504
-0.2203949123
-0.2221503658
-0.2293463370
-0.2335779047
-0.2332251149
-0.2309126434
-0.2292139005
-0.2288182265
-0.2287719017
-0.2279600758
-0.2266249061
-0.2260994139
-0.2273480239
-0.2301177675
-0.2328858377
-0.2337370410
-0.2320484172
-0.2289598672
-0.2260268882
-0.2241323755
-0.2233404009
-0.2230003111
-0.2223536111
-0.2211478037
-0.2193589954
-0.2170308612
-0.2147181469
-0.2132814179
-0.2132037083
-0.2144153318
-0.2162022171
-0.2171713350
-0.2157071916
-0.2103369000
-0.2006337728
-0.1898118605
-0.1860183759
-0.1977045954
-0.2242307118
-0.2495629943
-0.2474832560
-0.1976093889
-0.0983352180
0.0355915354
0.1834887656
0.3217092051
0.4222736312
0.4625822385
0.4424494244
0.3865430979
0.3269897482
0.2854510822
0.2690604995
0.2747182230
0.2913376084
0.2996304049
0.2783561589
0.2217182975
0.1545389670
0.1232052029
0.1607043716
0.2543700235
0.3490919278
0.3875024067
0.3512847472
0.2663110020
0.1735699873
0.0999779303
0.0518686970
0.0242673841
0.1017267117
0.1793109747
0.2649876013
0.3345442006
0.3719099095
0.3801132819
0.3756909512
0.3751004805
0.3866210664
0.4100376361
0.4388785286
0.4608040180
0.4570034406
0.4070222083
0.2996136864
0.1389874754
-0.0558960398
-0.2457603236
-0.3624206839
-0.3305833752
-0.1324083798
0.1406214191
0.3235835141
0.2960492126
0.0787617161
-0.1862033316
-0.3526844143
-0.3732942141
-0.3044437670
-0.2339029610
-0.2108912939
-0.2297816139
-0.2583795263
-0.2725953459
-0.2697992792
-0.2602706211
-0.2533442601
-0.2508783124
-0.2489335838
-0.2434268051
-0.2346256575
-0.2266452855
-0.2233789992
-0.2253651036
-0.2296554193
-0.2323005259
-0.2315228910
-0.2284794452
-0.2252908675
-0.2232553039
-0.2224489011
-0.2220099040
-0.2210687818
-0.2195393721
-0.2177254956
-0.2158184372
-0.2140664479
-0.2126960283
-0.2117924654
-0.2117024217
-0.2129203519
-0.2152252375
-0.2170901917
-0.2157344082
-0.2087098222
-0.1973900052
-0.1887122732
-0.1912729005
-0.2079198419
-0.2311345914
-0.2454879369
-0.2351287460
-0.1889335885
-0.1008062854
0.0270352278
0.1749433301
0.3056232144
0.3847985200
0.4067804024
0.3972231395
0.3903182926
0.4037224360
0.4308711447
0.4516265097
0.4490094624
0.4174626419
0.3602042618
0.2870865038
0.2175644650
0.1774914463
0.1831135054
0.2250940991
0.2708469136
0.2868016920
0.2612356999
0.2070504236
0.1458911979
0.0928350147
0.0532962478
0.0271299527
0.1215257728
0.2137655337
0.3147110794
0.3946718986
0.4338552125
0.4357101469
0.4198532433
0.4048238631
0.3976781400
0.3943669205
0.3855020235
0.3613135663
0.3123953095
0.2298417595
0.1096433096
-0.0424747595
-0.2091080952
-0.3552066213
-0.4212234001
-0.3434082039
-0.1140602126
0.1683999066
0.3350341332
0.2675876436
0.0009512664
-0.2985540130
-0.4651871986
-0.4530638592
-0.3417404212
-0.2458222822
-0.2250004240
-0.2631669013
-0.3090712658
-0.3270309899
-0.3164033335
-0.2970535827
-0.2856098424
-0.2838850063
-0.2826635701
-0.2730590465
-0.2550769247
-0.2366186140
-0.2257362939
-0.2244883121
-0.2287137614
-0.2323731559
-0.2323391372
-0.2294980047
-0.2262501601
-0.2241388789
-0.2232258673
-0.2224892002
-0.2210034070
-0.2188850590
-0.2167943815
-0.2151114751
-0.2138472875
-0.2126585416
-0.2111680992
-0.2097984901
-0.2096880651
-0.2114376254
-0.2140974618
-0.2150402158
-0.2113378124
-0.2026912462
-0.1929662610
-0.1879974962
-0.1919943793
-0.2056609679
-0.2257952265
-0.2442756480
-0.2461487228
-0.2118893289
-0.1298841420
-0.0121085254
0.1067241252
0.1932526194
0.2416794065
0.2761158361
0.3273618822
0.4048300389
0.4860750401
0.5330341362
0.5220344130
0.4595548077
0.3711603060
0.2816559357
0.2072255101
0.1573206867
0.1347406603
0.1332571831
0.1393711889
0.1397509207
0.1284203720
0.1074399166
0.0821185022
0.0569896527
0.0352106669
0.0188857205
0.1277109383
0.2232013977
0.3248128196
0.3992856528
0.4251816560
0.4083787186
0.3735815619
0.3423275043
0.3187694123
0.2914179173
0.2456373331
0.1762998378
0.0899745644
-0.0039998068
-0.1021974504
-0.2063284868
-0.3135212342
-0.4017868391
-0.4216220460
-0.3170199160
-0.0830740749
0.1866467225
0.3331856366
0.2475544247
-0.0301315966
-0.3317995282
-0.4925520774
-0.4706852870
-0.3529502737
-0.2600770843
-0.2511794840
-0.3014393297
-0.3486823738
-0.3534149311
-0.3225048254
-0.2890646350
-0.2780237976
-0.2884650870
-0.3008816533
-0.2973894016
-0.2762442754
-0.2497915550
-0.2315618350
-0.2262774383
-0.2294033642
-0.2333428835
-0.2337920833
-0.2312288139
-0.2280804761
-0.2259664555
-0.2249128325
-0.2237990394
-0.2216945421
-0.2189169684
-0.2164517403
-0.2148687997
-0.2140231592
-0.2131277051
-0.2113666344
-0.2089972948
-0.2073214215
-0.2073843250
-0.2090103910
-0.2106215006
-0.2099001372
-0.2053820561
-0.1974205857
-0.1879100618
-0.1807377155
-0.1826422907
-0.2005842388
-0.2343182992
-0.2695977121
-0.2814312974
-0.2506658746
-0.1811339663
-0.0980792606
-0.0263461284
0.0311764803
0.0951350370
0.1897365127
0.3157352546
0.4387676797
0.5087031046
0.4976229996
0.4199753063
0.3159549875
0.2201641333
0.1465735345
0.0937676390
0.0557266823
0.0284040193
0.0110886830
0.0041054582
0.0056325222
0.0109360617
0.0148013362
0.0146044543
0.0111046891
0.0067008342
0.1132181740
0.1956658161
0.2789423165
0.3305519218
0.3309208649
0.2895966163
0.2362168581
0.1949815065
0.1668009565
0.1323974599
0.0715224465
-0.0174733019
-0.1146823727
-0.1959850950
-0.2540106685
-0.3016203351
-0.3537193133
-0.4011163886
-0.3983250677
-0.2875051352
-0.0581958554
0.2055709315
0.3560950700
0.2901968481
0.0415553207
-0.2386289754
-0.4009595604
-0.4056458358
-0.3266867776
-0.2674785329
-0.2752355682
-0.3206917225
-0.3425399527
-0.3081775909
-0.2392421570
-0.1867665015
-0.1851202404
-0.2267351842
-0.2746876339
-0.2960893937
-0.2849746386
-0.2583850632
-0.2365878240
-0.2283819683
-0.2301971509
-0.2339122491
-0.2345636733
-0.2322691838
-0.2293221674
-0.2272889867
-0.2261483294
-0.2247380013
-0.2221559697
-0.2188786529
-0.2161297594
-0.2146306515
-0.2141628757
-0.2136655084
-0.2119948341
-0.2091409716
-0.2062518953
-0.2044859837
-0.2043479833
-0.2055433528
-0.2068512728
-0.2063271222
-0.2016439980
-0.1912440393
-0.1776731730
-0.1702777267
-0.1814453421
-0.2161633930
-0.2633124835
-0.2990246452
-0.3029735599
-0.2735742486
-0.2262467219
-0.1765139553
-0.1246748926
-0.0548972269
0.0497879496
0.1850567562
0.3146321295
0.3886938036
0.3808853039
0.3079653502
0.2125403914
0.1299214998
0.0712320074
0.0296392712
-0.0048428091
-0.0353197379
-0.0570732084
-0.0638963974
-0.0553609594
-0.0381607103
-0.0210303607
-0.0091843576
-0.0030864668
-0.0007313388
0.0787757732
0.1329792573
0.1811902009
0.1965761688
0.1649840337
0.0998873079
0.0340125068
-0.0071583572
-0.0255168721
-0.0463101992
-0.0942981403
-0.1702716706
-0.2482770984
-0.2978819649
-0.3123894526
-0.3152742813
-0.3357856892
-0.3723255986
-0.3755917991
-0.2766686691
-0.0532114730
0.2207561713
0.4045984862
0.3940729790
0.2063521562
-0.0370352227
-0.2111323021
-0.2742375954
-0.2705179393
-0.2668473045
-0.2900193226
-0.3113547175
-0.2818178693
-0.1854143762
-0.0642845492
0.0096123636
-0.0077324125
-0.0984699269
-0.2022402386
-0.2661646871
-0.2779628687
-0.2594583267
-0.2385749746
-0.2293169047
-0.2302128238
-0.2335279516
-0.2341528433
-0.2320064256
-0.2292370630
-0.2273242868
-0.2261993061
-0.2246794643
-0.2218860776
-0.2183861640
-0.2155378697
-0.2141626987
-0.2140406634
-0.2140058458
-0.2127318220
-0.2099428948
-0.2064729892
-0.2033508583
-0.2015104399
-0.2017327337
-0.2039190159
-0.2062882151
-0.2052416775
-0.1971440754
-0.1828067864
-0.1707892394
-0.1736573180
-0.1979689651
-0.2364544616
-0.2707976929
-0.2845442999
-0.2745629786
-0.2497018809
-0.2191888442
-0.1827547622
-0.1300949900
-0.0505892120
0.0512680883
0.1482262465
0.2037684742
0.1992854585
0.1484792115
0.0843554557
0.0337439464
0.0036872235
-0.0135550477
-0.0277638104
-0.0421335753
-0.0528358672
-0.0545099790
-0.0461132721
-0.0320378147
-0.0183643397
-0.0087533875
-0.0035137912
-0.0012105244
0.0347922652
0.0540590473
0.0609853659
0.0375388858
-0.0231495146
-0.1046751000
-0.1741461158
-0.2069392466
-0.2071859760
-0.2034106648
-0.2228511361
-0.2672083286
-0.3106692659
-0.3235169132
-0.3024519812
-0.2784174019
-0.2891948726
-0.3360095748
-0.3628318547
-0.2878244904
-0.0757872893
0.2092308727
0.4329123675
0.4883848067
0.3730863522
0.1742329584
-0.0110046776
-0.1378716291
-0.2150207324
-0.2666055917
-0.2970999787
-0.2820812158
-0.1907540831
-0.0275373792
0.1449295494
0.2359423426
0.1940076759
0.0485665724
-0.1159407594
-0.2264195852
-0.2642982004
-0.2562900541
-0.2380833025
-0.2289762787
-0.2296541951
-0.2328147199
-0.2333042445
-0.2310293335
-0.2281982547
-0.2263285089
-0.2253179504
-0.2239124600
-0.2211873497
-0.2177217164
-0.2149304532
-0.2137010419
-0.2138618391
-0.2142610797
-0.2135108429
-0.2111308294
-0.2076219339
-0.2037676471
-0.2006652508
-0.1997661875
-0.2018282080
-0.2056167722
-0.2075113492
-0.2032337763
-0.1920526522
-0.1797324838
-0.1755721857
-0.1849913964
-0.2042246634
-0.2221845399
-0.2286591303
-0.2216032405
-0.2064662465
-0.1892250264
-0.1705936070
-0.1456265088
-0.1087337656
-0.0615506101
-0.0167295789
0.0087783591
0.0068799212
-0.0147311527
-0.0388655093
-0.0518062669
-0.0508437163
-0.0416780468
-0.0312036203
-0.0230078971
-0.0173813675
-0.0132787595
-0.0098421543
-0.0068429922
-0.0044043433
-0.0026190365
-0.0014294118
-0.0007025178
-0.0051600124
-0.0166762289
-0.0443162454
-0.0968217434
-0.1742097399
-0.2593306034
-0.3226555948
-0.3430362509
-0.3264434485
-0.3017998492
-0.2962071669
-0.3122351067
-0.3267939464
-0.3137058217
-0.2727793697
-0.2378213350
-0.2493042622
-0.3093944810
-0.3597990670
-0.3135775235
-0.1278748924
0.1445003435
0.3819309585
0.4819810631
0.4274667566
0.2747545816
0.0946137589
-0.0683366902
-0.1954141948
-0.2771734594
-0.3013709349
-0.2492712222
-0.1071262403
0.1039870602
0.3080712540
0.4042140987
0.3383537346
0.1496437588
-0.0598356666
-0.2027601840
-0.2569792133
-0.2541167318
-0.2365767875
-0.2276731039
-0.2289714398
-0.2326080082
-0.2329782542
-0.2301499067
-0.2268024262
-0.2247726491
-0.2239503306
-0.2228824866
-0.2204646699
-0.2172079996
-0.2145473617
-0.2134296449
-0.2137578490
-0.2144507258
-0.2141347837
-0.2122180099
-0.2089622984
-0.2049160772
-0.2011277755
-0.1992599129
-0.2004914931
-0.2041912722
-0.2074862884
-0.2065521638
-0.1997820875
-0.1899463482
-0.1822462155
-0.1799869526
-0.1819558024
-0.1833681343
-0.1797336851
-0.1705699508
-0.1593196051
-0.1499858991
-0.1443805563
-0.1418400341
-0.1405944943
-0.1394759321
-0.1385163454
-0.1380529415
-0.1376026827
-0.1353637626
-0.1285840675
-0.1151887335
-0.0954611065
-0.0717380645
-0.0470125969
-0.0247490377
-0.0090597268
-0.0029404805
-0.0055761188
-0.0121012324
-0.0167663376
-0.0166593706
-0.0127010438
-0.0076731545
-0.0330334987
-0.0649409462
-0.1133548308
-0.1790744226
-0.2571242707
-0.3321507289
-0.3812074260
-0.3889884259
-0.3629824809
-0.3299179653
-0.3141637167
-0.3179965712
-0.3210129109
-0.3003699987
-0.2568931890
-0.2225030191
-0.2354701329
-0.2991678359
-0.3614694651
-0.3430292600
-0.2016136457
0.0231192849
0.2321544032
0.3388952911
0.3210664530
0.2121260212
0.0604711174
-0.0949496667
-0.2238563751
-0.3006411244
-0.3057833558
-0.2258413793
-0.0582689623
0.1675479624
0.3733295166
0.4597445006
0.3762148451
0.1673848068
-0.0580749586
-0.2084871910
-0.2622522486
-0.2553939859
-0.2348462243
-0.2256922058
-0.2284469197
-0.2332986071
-0.2336133250
-0.2297809851
-0.2254159154
-0.2229936557
-0.2224170479
-0.2218785778
-0.2199420781
-0.2169823107
-0.2144480068
-0.2133574614
-0.2136991039
-0.2144764534
-0.2143707295
-0.2127754037
-0.2098578059
-0.2060147721
-0.2021051601
-0.1995953612
-0.1996265220
-0.2020116670
-0.2049448509
-0.2057241990
-0.2026886754
-0.1965554655
-0.1893571384
-0.1825640839
-0.1763990526
-0.1700774839
-0.1626789262
-0.1543718741
-0.1466315696
-0.1414191307
-0.1407901662
-0.1468154109
-0.1605192942
-0.1798597375
-0.1986135238
-0.2087410754
-0.2057564392
-0.1917379993
-0.1724619961
-0.1524252528
-0.1327493395
-0.1122800559
-0.0903090121
-0.0693469256
-0.0551065827
-0.0522960586
-0.0595508241
-0.0687715587
-0.0704398592
-0.0605858662
-0.0429973108
-0.0250443605
-0.0488209807
-0.0911751352
-0.1479631562
-0.2140211211
-0.2813883225
-0.3381982799
-0.3696925257
-0.3674485196
-0.3399878181
-0.3100486310
-0.2974991321
-0.3033373265
-0.3093165385
-0.2951546899
-0.2608160316
-0.2329120980
-0.2441766587
-0.2996952155
-0.3601491192
-0.3637335019
-0.2756114863
-0.1216867586
0.0280632808
0.1110167909
0.1079573616
0.0375561831
-0.0693846102
-0.1839557938
-0.2783315531
-0.3264520954
-0.3096124408
-0.2181306853
-0.0538772973
0.1539454388
0.3348381093
0.4012104241
0.3105907397
0.1079126910
-0.1032672012
-0.2369859315
-0.2757385343
-0.2582413575
-0.2326986118
-0.2233960403
-0.2282699395
-0.2347842300
-0.2350479843
-0.2299273123
-0.2242551380
-0.2213240377
-0.2210460972
-0.2211510449
-0.2197727399
-0.2171133064
-0.2146429099
-0.2134654122
-0.2136580008
-0.2143081700
-0.2141722290
-0.2127027909
-0.2100966811
-0.2066923469
-0.2031000115
-0.2003406758
-0.1991943695
-0.1996983473
-0.2010898017
-0.2019950687
-0.2012707670
-0.1986855642
-0.1944730112
-0.1889601669
-0.1829147432
-0.1773443953
-0.1727731646
-0.1690516026
-0.1656086569
-0.1622157935
-0.1603421348
-0.1633384040
-0.1740500752
-0.1913148796
-0.2084740962
-0.2165856100
-0.2111527163
-0.1959222484
-0.1793241017
-0.1675408193
-0.1608624414
-0.1552793143
-0.1472804868
-0.1380253011
-0.1329194918
-0.1363662430
-0.1461092048
-0.1524183456
-0.1442199644
-0.1180834034
-0.0814878255
-0.0467414926
-0.0567740396
-0.1035870580
-0.1621288932
-0.2231972828
-0.2773078124
-0.3163333721
-0.3330990694
-0.3252791101
-0.3016390866
-0.2801245313
-0.2755412866
-0.2875337109
-0.3002811790
-0.2962018338
-0.2738565173
-0.2531047206
-0.2594758552
-0.2993277666
-0.3478511489
-0.3638746776
-0.3228133939
-0.2386518568
-0.1532194143
-0.1044471279
-0.1048120915
-0.1443294814
-0.2051596474
-0.2696674589
-0.3198492638
-0.3377936120
-0.3096476132
-0.2273587339
-0.0917003303
0.0744058764
0.2145875136
0.2589168763
0.1749042897
0.0024649022
-0.1700021639
-0.2703706037
-0.2870704952
-0.2582891489
-0.2292661727
-0.2210034519
-0.2283457462
-0.2364340454
-0.2365325504
-0.2301221254
-0.2232154488
-0.2198534866
-0.2199206001
-0.2206740587
-0.2198196096
-0.2173931673
-0.2148927427
-0.2135098110
-0.2134084519
-0.2137598792
-0.2134071186
-0.2119001392
-0.2095333659
-0.2066550475
-0.2036468107
-0.2010339544
-0.1991208433
-0.1979791878
-0.1976171814
-0.1977627620
-0.1979199436
-0.1976258375
-0.1963546424
-0.1938769911
-0.1910056116
-0.1891863086
-0.1891727128
-0.1902329016
-0.1903165351
-0.1875615437
-0.1826210505
-0.1790506639
-0.1804840315
-0.1870757830
-0.1943185517
-0.1958049162
-0.1887122121
-0.1769887290
-0.1683821057
-0.1681277011
-0.1751858907
-0.1838073846
-0.1889472919
-0.1908193073
-0.1941132096
-0.2024768033
-0.2130272718
-0.2155300321
-0.1986355548
-0.1597824372
-0.1091029405
-0.0622097321
-0.0609965682
-0.1099083716
-0.1685696860
-0.2253413755
-0.2700747263
-0.2975797268
-0.3061865140
-0.2976931285
-0.2801970003
-0.2668401130
-0.2677404426
-0.2818460129
-0.2967240839
-0.2984466820
-0.2847436821
-0.2688389010
-0.2686665870
-0.2905957118
-0.3219669992
-0.3396877205
-0.3289519880
-0.2953832732
-0.2591561020
-0.2386243762
-0.2396896708
-0.2571247143
-0.2819350732
-0.3063005770
-0.3232760370
-0.3251412511
-0.3034314845
-0.2497286856
-0.1602798053
-0.0485355609
0.0458249583
0.0724312670
0.0083905706
-0.1158454801
-0.2341346611
-0.2934732285
-0.2884182248
-0.2527017848
-0.2242550862
-0.2187986252
-0.2285288469
-0.2376056824
-0.2373293165
-0.2298759657
-0.2221065236
-0.2185311602
-0.2189542151
-0.2202527761
-0.2198028039
-0.2175143210
-0.2149071393
-0.2132414108
-0.2127567414
-0.2127075005
-0.2120286127
-0.2103763769
-0.2081617691
-0.2057820688
-0.2034596993
-0.2013167957
-0.1992304586
-0.1971782380
-0.1955613868
-0.1947442128
-0.1946827957
-0.1949773850
-0.1949185069
-0.1940765762
-0.1931248726
-0.1933945297
-0.1955027804
-0.1984815267
-0.1998678090
-0.1972641798
-0.1907941393
-0.1835489379
-0.1789681855
-0.1778805198
-0.1777293959
-0.1745943334
-0.1670809598
-0.1586773823
-0.1555264768
-0.1613588793
-0.1742130902
-0.1878283813
-0.1969115902
-0.2016471465
-0.2067777362
-0.2159778108
-0.2263938640
-0.2278404119
-0.2090356851
-0.1676355796
-0.1142549587
-0.0650796180
-0.0636886310
-0.1140882190
-0.1732998312
-0.2283900914
-0.2689814434
-0.2917514247
-0.2982992585
-0.2925607456
-0.2813431296
-0.2735343235
-0.2754284424
-0.2860427765
-0.2970663883
-0.2989821731
-0.2895243752
-0.2762486317
-0.2700331931
-0.2759999475
-0.2897547418
-0.3013577549
-0.3036889786
-0.2977176449
-0.2899624356
-0.2861496884
-0.2874874648
-0.2911304977
-0.2935163000
-0.2938418038
-0.2939706494
-0.2946458263
-0.2916543874
-0.2753140294
-0.2365448023
-0.1791206597
-0.1267542408
-0.1115814895
-0.1484909039
-0.2185154439
-0.2800320345
-0.3004003521
-0.2792364785
-0.2428622646
-0.2191287927
-0.2176520212
-0.2290761420
-0.2382187831
-0.2373379505
-0.2292447479
-0.2211242078
-0.2175674855
-0.2182658483
-0.2198985049
-0.2196845226
-0.2174667759
-0.2147591244
-0.2128430566
-0.2120031747
-0.2115638251
-0.2105440786
-0.2086964504
-0.2065403662
-0.2045395960
-0.2028361087
-0.2012928170
-0.1994827988
-0.1972354700
-0.1950331125
-0.1934446299
-0.1926112949
-0.1922514178
-0.1917157483
-0.1905443102
-0.1892444051
-0.1889082135
-0.1900392365
-0.1918814231
-0.1924829819
-0.1898791093
-0.1840676243
-0.1773870733
-0.1724473861
-0.1699241571
-0.1680530315
-0.1640888018
-0.1571947229
-0.1502583705
-0.1480963688
-0.1533337373
-0.1637002127
-0.1732892302
-0.1774207434
-0.1770297669
-0.1778143788
-0.1843912008
-0.1944541250
-0.1979579498
-0.1835199594
-0.1482391810
-0.1014795430
-0.0579472426
-0.0654325551
-0.1169436041
-0.1769730603
-0.2319769442
-0.2715409291
-0.2933922819
-0.3008324486
-0.2986734478
-0.2923693236
-0.2875328361
-0.2877090408
-0.2924152921
-0.2972701987
-0.2969574066
-0.2897019436
-0.2787644958
-0.2692662220
-0.2644356344
-0.2644787629
-0.2675539127
-0.2717014370
-0.2760779914
-0.2803390587
-0.2836827298
-0.2846927561
-0.2814821423
-0.2731937869
-0.2628499014
-0.2573837466
-0.2626242631
-0.2771268409
-0.2906817627
-0.2908738571
-0.2744645821
-0.2527972042
-0.2437206599
-0.2562176294
-0.2814422473
-0.2985844475
-0.2918672860
-0.2639464758
-0.2328712305
-0.2163193313
-0.2185859087
-0.2302792870
-0.2383547671
-0.2366900923
-0.2284686972
-0.2205497492
-0.2171772925
-0.2179402786
-0.2195857145
-0.2194096069
-0.2172550435
-0.2145747134
-0.2125911794
-0.2115781043
-0.2108960470
-0.2096236635
-0.2075876032
-0.2053957886
-0.2035801308
-0.2022653069
-0.2011909659
-0.1997647733
-0.1976899822
-0.1953814710
-0.1933788703
-0.1918415738
-0.1905778916
-0.1890544553
-0.1868324585
-0.1842718185
-0.1822357481
-0.1811688659
-0.1807056100
-0.1797371768
-0.1771010195
-0.1729026034
-0.1687798065
-0.1664108864
-0.1659468041
-0.1656378732
-0.1629670937
-0.1571014583
-0.1504582961
-0.1470609963
-0.1489318491
-0.1538265679
-0.1564291272
-0.1528652650
-0.1450307323
-0.1398672918
-0.1431982331
-0.1532955376
-0.1600217378
-0.1515755186
-0.1242114076
-0.0857633689
-0.0492095302
-0.0662226126
-0.1182325836
-0.1786224433
-0.2335834212
-0.2727346496
-0.2943829667
-0.3027100610
-0.3028867107
-0.2994015645
-0.2957773312
-0.2938955796
-0.2938260310
-0.2940994218
-0.2925184262
-0.2878563976
-0.2805599703
-0.2717329963
-0.2627149635
-0.2554917890
-0.2520744326
-0.2533003483
-0.2583029578
-0.2646868149
-0.2695389094
-0.2704785474
-0.2657403731
-0.2551054251
-0.2424607784
-0.2358915499
-0.2426491902
-0.2627739156
-0.2873697453
-0.3043480651
-0.3077686399
-0.3017700210
-0.2952272665
-0.2933510450
-0.2936296310
-0.2883067231
-0.2718498719
-0.2475612743
-0.2261968011
-0.2173350989
-0.2218865017
-0.2320145949
-0.2379075126
-0.2353880813
-0.2276028709
-0.2204136103
-0.2173146882
-0.2178433554
-0.2191198938
-0.2187745137
-0.2167167014
-0.2142660218
-0.2124880448
-0.2115759669
-0.2108818074
-0.2095112608
-0.2073390995
-0.2050380039
-0.2031989615
-0.2019696922
-0.2010703302
-0.1998644333
-0.1979973325
-0.1958084157
-0.1937606474
-0.1919862838
-0.1903484691
-0.1884030967
-0.1857271320
-0.1825529630
-0.1795348434
-0.1770356939
-0.1749687327
-0.1728659754
-0.1701918531
-0.1671884902
-0.1650569511
-0.1648518969
-0.1663218401
-0.1676070797
-0.1661995035
-0.1612054010
-0.1548025164
-0.1506350072
-0.1504364291
-0.1519956456
-0.1503322198
-0.1420589471
-0.1297364020
-0.1212086755
-0.1231132716
-0.1339283024
-0.1430611804
-0.1380255352
-0.1144485450
-0.0795649817
-0.0458263173
-0.0663008124
-0.1182719101
-0.1784295368
-0.2328371467
-0.2711484257
-0.2920040897
-0.3000970101
-0.3008394480
-0.2982623133
-0.2948568655
-0.2917236836
-0.2893317165
-0.2878775689
-0.2869608993
-0.2857476267
-0.2831793535
-0.2780535941
-0.2702248683
-0.2616669221
-0.2552772455
-0.2528807790
-0.2544481303
-0.2583198832
-0.2620983079
-0.2635182548
-0.2605555474
-0.2523818100
-0.2417135711
-0.2349219540
-0.2379357399
-0.2513602671
-0.2692004882
-0.2828133296
-0.2873188468
-0.2842749852
-0.2783494685
-0.2727099299
-0.2672350343
-0.2594828593
-0.2477506075
-0.2341636959
-0.2240581609
-0.2217233942
-0.2267118763
-0.2338086845
-0.2368657703
-0.2336108210
-0.2267570806
-0.2206871031
-0.2178870841
-0.2179101589
-0.2184940494
-0.2178013923
-0.2158564417
-0.2137877349
-0.2124272958
-0.2118350616
-0.2113222386
-0.2099987345
-0.2077674081
-0.2053436692
-0.2033622930
-0.2020099087
-0.2010445101
-0.1998605498
-0.1981069360
-0.1960907183
-0.1942320581
-0.1926527307
-0.1912561957
-0.1896578454
-0.1874414008
-0.1847308554
-0.1819837826
-0.1794234360
-0.1770317480
-0.1746059673
-0.1718799971
-0.1691700647
-0.1675265494
-0.1677822745
-0.1695791044
-0.1711214800
-0.1700425055
-0.1655347591
-0.1597394171
-0.1561701217
-0.1564238302
-0.1582022933
-0.1564884040
-0.1479492831
-0.1353785913
-0.1269950140
-0.1296856577
-0.1417262381
-0.1518200539
-0.1466951090
-0.1217290740
-0.0846588078
-0.0487697398
-0.0661975104
-0.1179983576
-0.1777869982
-0.2315269808
-0.2688657989
-0.2886238036
-0.2958050957
-0.2960333897
-0.2932485465
-0.2896164077
-0.2860060343
-0.2830822983
-0.2817058115
-0.2822143522
-0.2839986154
-0.2854782641
-0.2845219007
-0.2800926318
-0.2733976886
-0.2667078126
-0.2617683155
-0.2594675553
-0.2597911116
-0.2617965031
-0.2638216824
-0.2636207197
-0.2594681184
-0.2522663902
-0.2456481124
-0.2431456620
-0.2453864938
-0.2495174722
-0.2512102260
-0.2482174505
-0.2420958269
-0.2362015763
-0.2327341775
-0.2315879319
-0.2309597661
-0.2292405896
-0.2268250642
-0.2256879642
-0.2273033682
-0.2311787697
-0.2347905594
-0.2351900702
-0.2315762255
-0.2259771397
-0.2211819630
-0.2186540821
-0.2180275677
-0.2177548997
-0.2166007220
-0.2147207317
-0.2130349563
-0.2121205151
-0.2118938310
-0.2116250576
-0.2104291466
-0.2082287542
-0.2057622332
-0.2036871894
-0.2022202670
-0.2011628821
-0.1999534629
-0.1982611287
-0.1963823952
-0.1947197665
-0.1934052207
-0.1923952733
-0.1913769580
-0.1899612472
-0.1881911214
-0.1863456194
-0.1844776937
-0.1825004050
-0.1802259191
-0.1774194232
-0.1744219163
-0.1723058145
-0.1719311442
-0.1730165741
-0.1739357078
-0.1725389377
-0.1681827893
-0.1630723706
-0.1607156484
-0.1626520450
-0.1664363575
-0.1668245248
-0.1603045122
-0.1496397560
-0.1430894407
-0.1474694265
-0.1607102496
-0.1708589502
-0.1639941641
-0.1354843135
-0.0939805097
-0.0540613283
-0.0663382905
-0.1181955460
-0.1779437375
-0.2314350764
-0.2682580103
-0.2872924510
-0.2936960592
-0.2932399789
-0.2899393822
-0.2859836991
-0.2822544777
-0.2794294029
-0.2783973495
-0.2795673783
-0.2824481066
-0.2855935983
-0.2869238254
-0.2851458947
-0.2807237563
-0.2749480565
-0.2690550412
-0.2644180133
-0.2622413899
-0.2627647358
-0.2649680639
-0.2667052493
-0.2658078440
-0.2618882346
-0.2564211263
-0.2509441106
-0.2458611837
-0.2403914852
-0.2332166552
-0.2241528382
-0.2152941404
-0.2097076419
-0.2091104819
-0.2128030391
-0.2182906365
-0.2231728824
-0.2267066650
-0.2293785344
-0.2316306230
-0.2334094698
-0.2340773716
-0.2327185809
-0.2293006105
-0.2250862311
-0.2215003921
-0.2191861282
-0.2179092323
-0.2167872232
-0.2151307881
-0.2132138000
-0.2117708282
-0.2111575075
-0.2111783569
-0.2110930738
-0.2100439372
-0.2079728518
-0.2056183303
-0.2036319401
-0.2022339321
-0.2012414760
-0.2001083906
-0.1985011539
-0.1966893946
-0.1950459631
-0.1937148452
-0.1927351626
-0.1919165560
-0.1909456405
-0.1898201772
-0.1886701601
-0.1873918924
-0.1858049390
-0.1836796513
-0.1807635956
-0.1774172015
-0.1747764185
-0.1737802405
-0.1742288359
-0.1745982741
-0.1728579110
-0.1684633006
-0.1636835238
-0.1620668574
-0.1651487279
-0.1703837962
-0.1723447006
-0.1673588668
-0.1581236415
-0.1528757804
-0.1583560489
-0.1722955420
-0.1823968234
-0.1744076557
-0.1437245133
-0.0995478484
-0.0572161619
-0.0668519820
-0.1190953610
-0.1792570107
-0.2330513925
-0.2699619911
-0.2888518700
-0.2949314667
-0.2940576591
-0.2903636899
-0.2861771477
-0.2824471406
-0.2797294980
-0.2786054229
-0.2792055600
-0.2810958150
-0.2833251971
-0.2844447796
-0.2834108377
-0.2802989579
-0.2756530783
-0.2701531709
-0.2651167554
-0.2620804727
-0.2617401055
-0.2635394119
-0.2657706266
-0.2664693096
-0.2648773532
-0.2615009824
-0.2568819444
-0.2511505800
-0.2441635149
-0.2356019009
-0.2259386129
-0.2173345096
-0.2125657986
-0.2130127282
-0.2177014511
-0.2238947059
-0.2289759550
-0.2320317118
-0.2334285867
-0.2336441179
-0.2330406757
-0.2317979317
-0.2297663065
-0.2270151090
-0.2241108775
-0.2215179368
-0.2193522436
-0.2175326038
-0.2156979442
-0.2135741660
-0.2115232003
-0.2101413099
-0.2096269659
-0.2097248894
-0.2097251617
-0.2088223356
-0.2069720446
-0.2048795891
-0.2031520984
-0.2019856899
-0.2011935863
-0.2002263139
-0.1987260189
-0.1969068988
-0.1950803530
-0.1933871316
-0.1919693046
-0.1908053290
-0.1897011059
-0.1886424138
-0.1876459510
-0.1864899101
-0.1849363166
-0.1827574704
-0.1797300098
-0.1762490808
-0.1734869632
-0.1724119385
-0.1728257239
-0.1731712185
-0.1713738214
-0.1668695118
-0.1619493002
-0.1602087349
-0.1632138458
-0.1684032834
-0.1703025888
-0.1652068406
-0.1558318253
-0.1504833499
-0.1559794889
-0.1700845943
-0.1804813326
-0.1728752422
-0.1426146300
-0.0988397045
-0.0568282993
-0.0675662710
-0.1203616066
-0.1811457976
-0.2354677039
-0.2726842833
-0.2916356545
-0.2975878801
-0.2964887827
-0.2925939489
-0.2883629451
-0.2847810546
-0.2822096205
-0.2808024847
-0.2802855516
-0.2802347247
-0.2802726932
-0.2797509842
-0.2781070886
-0.2753506565
-0.2716291837
-0.2671926855
-0.2629899139
-0.2602607739
-0.2595985947
-0.2606959276
-0.2623975716
-0.2632893012
-0.2628571917
-0.2615288837
-0.2596477008
-0.2571451124
-0.2536398846
-0.2485210000
-0.2419398749
-0.2356478280
-0.2319302872
-0.2318615418
-0.2345815741
-0.2377479837
-0.2391668497
-0.2383643085
-0.2362117088
-0.2336173507
-0.2311610023
-0.2290730408
-0.2271446711
-0.2251906293
-0.2232852769
-0.2213659856
-0.2192961624
-0.2171236926
-0.2148139552
-0.2123438397
-0.2101269421
-0.2086783833
-0.2081139712
-0.2081716464
-0.2082029096
-0.2074636373
-0.2059006108
-0.2041354441
-0.2026818463
-0.2016973927
-0.2010169079
-0.2001264515
-0.1986637522
-0.1967780756
-0.1946930899
-0.1925212456
-0.1904927465
-0.1887496679
-0.1872212005
-0.1859010130
-0.1847305131
-0.1834123229
-0.1816866099
-0.1793622599
-0.1762759430
-0.1728613447
-0.1702962114
-0.1695322126
-0.1703186852
-0.1709913608
-0.1693464368
-0.1647363896
-0.1594457640
-0.1571098114
-0.1593325633
-0.1635773308
-0.1643994331
-0.1581461181
-0.1476355726
-0.1413519171
-0.1463197952
-0.1604503839
-0.1715039209
-0.1652072528
-0.1367769653
-0.0949895901
-0.0546768816
-0.0681462189
-0.1213642611
-0.1825755109
-0.2371599352
-0.2743663102
-0.2930698813
-0.2986822230
-0.2973115508
-0.2933338842
-0.2892790781
-0.2861079673
-0.2839722655
-0.2826242603
-0.2814068191
-0.2798606611
-0.2780435443
-0.2759471537
-0.2734499265
-0.2706505076
-0.2675601943
-0.2641805255
-0.2610847031
-0.2590632381
-0.2584173841
-0.2589166998
-0.2598084529
-0.2601522140
-0.2597814866
-0.2593420273
-0.2593017704
-0.2595376969
-0.2593583233
-0.2576931175
-0.2542250200
-0.2502014094
-0.2473748050
-0.2465361046
-0.2470439167
-0.2471179540
-0.2451338537
-0.2411040619
-0.2363554711
-0.2321157147
-0.2289802687
-0.2269276457
-0.2254282357
-0.2240364933
-0.2226314426
-0.2210149829
-0.2190097583
-0.2167279441
-0.2142469737
-0.2116237323
-0.2092860248
-0.2077247817
-0.2070452623
-0.2070239943
-0.2070902825
-0.2065524506
-0.2053097422
-0.2038358722
-0.2024953827
-0.2014089747
-0.2005060640
-0.1994077701
-0.1978143864
-0.1958284837
-0.1935755909
-0.1911107732
-0.1886985295
-0.1865783013
-0.1847604181
-0.1832525286
-0.1819617472
-0.1805551280
-0.1787625553
-0.1764115295
-0.1733709957
-0.1700941907
-0.1677567102
-0.1672938138
-0.1684146390
-0.1693758708
-0.1678785350
-0.1632137008
-0.1576608497
-0.1548812306
-0.1564972969
-0.1599732389
-0.1598685687
-0.1525744565
-0.1410426434
-0.1339948226
-0.1386957878
-0.1531492053
-0.1650396933
-0.1599497808
-0.1329241214
-0.0925125144
-0.0533139199
-0.0683943860
-0.1217454086
-0.1829913175
-0.2373728661
-0.2740761879
-0.2920807765
-0.2970344693
-0.2952705686
-0.2912715863
-0.2875634843
-0.2850276928
-0.2836337046
-0.2828395389
-0.2817104387
-0.2797256464
-0.2771606079
-0.2743512167
-0.2714380707
-0.2686271533
-0.2659300325
-0.2632593390
-0.2609736948
-0.2595622048
-0.2590955702
-0.2593144490
-0.2596086180
-0.2592219557
-0.2581383863
-0.2571310619
-0.2567844299
-0.2570629954
-0.2573286811
-0.2565161270
-0.2541788093
-0.2512224901
-0.2489580620
-0.2479210938
-0.2475868420
-0.2465524619
-0.2435665191
-0.2388664527
-0.2338828181
-0.2298538783
-0.2272512617
-0.2258033885
-0.2247372102
-0.2235182031
-0.2221121062
-0.2204750781
-0.2185248409
-0.2163632903
-0.2139963312
-0.2114185956
-0.2090396433
-0.2073696484
-0.2065584207
-0.2064536876
-0.2065698389
-0.2062535226
-0.2053196819
-0.2040387289
-0.2025806057
-0.2010392274
-0.1995196873
-0.1978872958
-0.1959832185
-0.1938954690
-0.1916552352
-0.1892347902
-0.1868621118
-0.1847774508
-0.1830073475
-0.1815750796
-0.1803999515
-0.1791541076
-0.1775529960
-0.1753897109
-0.1725004009
-0.1693276576
-0.1670589363
-0.1666491298
-0.1678186893
-0.1688217098
-0.1673512453
-0.1626983959
-0.1571559001
-0.1544001680
-0.1560436683
-0.1594943984
-0.1592325710
-0.1516285242
-0.1397585955
-0.1326001028
-0.1376348907
-0.1528346098
-0.1655690610
-0.1610392786
-0.1341144994
-0.0934517971
-0.0538898793
-0.0683228506
-0.1215547261
-0.1825408669
-0.2364494821
-0.2724579547
-0.2896678175
-0.2939544508
-0.2918515675
-0.2879024403
-0.2845715809
-0.2826363976
-0.2819445938
-0.2818076832
-0.2811622195
-0.2794443531
-0.2769836414
-0.2742147773
-0.2713660300
-0.2687017618
-0.2662661049
-0.2639686142
-0.2621089193
-0.2610713563
-0.2608256689
-0.2610499635
-0.2610926333
-0.2601492100
-0.2581506103
-0.2558293312
-0.2537804149
-0.2521263289
-0.2505969208
-0.2485562513
-0.2457478983
-0.2429022286
-0.2409831384
-0.2402907377
-0.2403001736
-0.2397786346
-0.2376375940
-0.2341139634
-0.2304775577
-0.2277661310
-0.2262767197
-0.2255788656
-0.2247964447
-0.2234503089
-0.2217430711
-0.2199147009
-0.2180287092
-0.2161276766
-0.2140468713
-0.2116424792
-0.2092846670
-0.2075187049
-0.2065614065
-0.2063459787
-0.2064761278
-0.2063321993
-0.2056328184
-0.2044284907
-0.2026826410
-0.2004718483
-0.1981158082
-0.1957770145
-0.1934810090
-0.1913293452
-0.1892743861
-0.1871930356
-0.1852160434
-0.1834952694
-0.1820137492
-0.1808180794
-0.1798943785
-0.1789669658
-0.1777342066
-0.1759007353
-0.1732057228
-0.1700568167
-0.1676791382
-0.1670944893
-0.1680824047
-0.1689448701
-0.1674185251
-0.1628321802
-0.1575079344
-0.1551380713
-0.1573093100
-0.1613253787
-0.1615094886
-0.1541450996
-0.1424121299
-0.1355475957
-0.1412344968
-0.1573450383
-0.1708090291
-0.1663242592
-0.1385977265
-0.0966053153
-0.0557172702
-0.0679547476
-0.1208732066
-0.1814490877
-0.2348960124
-0.2704483499
-0.2872769917
-0.2913394560
-0.2892233195
-0.2854454061
-0.2823752783
-0.2806977346
-0.2802238601
-0.2802843634
-0.2798564143
-0.2783989348
-0.2762304095
-0.2737577073
-0.2711880255
-0.2687760146
-0.2665628304
-0.2644627677
-0.2627880438
-0.2619347007
-0.2618688493
-0.2622335366
-0.2623018616
-0.2611631023
-0.2586261815
-0.2552991093
-0.2517129354
-0.2481273302
-0.2446835054
-0.2412460343
-0.2378107843
-0.2349794736
-0.2334025339
-0.2331527609
-0.2336745040
-0.2338458957
-0.2326837817
-0.2303866670
-0.2280415291
-0.2264809364
-0.2258585542
-0.2256538543
-0.2249576569
-0.2233762352
-0.2213340744
-0.2193216807
-0.2175229113
-0.2159108465
-0.2141488447
-0.2119526492
-0.2096439062
-0.2077876974
-0.2066544466
-0.2062585660
-0.2062976590
-0.2061967568
-0.2055987126
-0.2043654794
-0.2022821595
-0.1994121223
-0.1962669483
-0.1932782468
-0.1906470650
-0.1885053501
-0.1867526535
-0.1851747549
-0.1837666695
-0.1825270331
-0.1813531498
-0.1803315590
-0.1795763404
-0.1789185863
-0.1780477600
-0.1765444839
-0.1740085982
-0.1708011588
-0.1682116190
-0.1673687167
-0.1681336874
-0.1688528664
-0.1672910032
-0.1628048117
-0.1577482449
-0.1558387803
-0.1586400795
-0.1633351795
-0.1640562196
-0.1569646010
-0.1453217379
-0.1386163061
-0.1447409819
-0.1615099405
-0.1754929626
-0.1709663042
-0.1424996248
-0.0993368467
-0.0572961805
-0.0673020993
-0.1197416873
-0.1798277112
-0.2329619111
-0.2685066945
-0.2856146914
-0.2901135325
-0.2884411886
-0.2849876038
-0.2820159236
-0.2801534426
-0.2792635599
-0.2788458510
-0.2780691553
-0.2764908553
-0.2744082883
-0.2721502895
-0.2698479142
-0.2676933438
-0.2656798700
-0.2637029813
-0.2620943400
-0.2612944753
-0.2613111409
-0.2618045231
-0.2620363210
-0.2610553537
-0.2585890662
-0.2551272807
-0.2511160345
-0.2468794301
-0.2428130012
-0.2390870624
-0.2358197491
-0.2334475206
-0.2323083429
-0.2322604503
-0.2327579567
-0.2328448826
-0.2316982061
-0.2295632447
-0.2274704202
-0.2261642620
-0.2257251917
-0.2255791761
-0.2247931434
-0.2230114338
-0.2207683166
-0.2186807188
-0.2169883251
-0.2156130860
-0.2141079617
-0.2120931856
-0.2098404973
-0.2079004130
-0.2065616532
-0.2059041127
-0.2057238373
-0.2055108198
-0.2048718935
-0.2035394700
-0.2011707489
-0.1978140828
-0.1941088900
-0.1906740053
-0.1878422493
-0.1857855840
-0.1843846036
-0.1833524311
-0.1825318638
-0.1817292729
-0.1807307237
-0.1796804729
-0.1788741245
-0.1782997872
-0.1776549239
-0.1763845199
-0.1739329869
-0.1706123029
-0.1677910915
-0.1667240681
-0.1673525316
-0.1680327134
-0.1665081176
-0.1621288493
-0.1572733578
-0.1556942333
-0.1589445539
-0.1640965389
-0.1650976848
-0.1579824914
-0.1460717634
-0.1390812636
-0.1451263393
-0.1620658662
-0.1763153804
-0.1719384056
-0.1434006965
-0.1000015813
-0.0576912481
-0.0664345627
-0.1182709890
-0.1778090338
-0.2307470305
-0.2666287321
-0.2845202805
-0.2899571476
-0.2890765463
-0.2860778059
-0.2831293337
-0.2808442122
-0.2792028977
-0.2779613826
-0.2765598799
-0.2746844748
-0.2725863441
-0.2704682538
-0.2683502470
-0.2663543429
-0.2644351600
-0.2624760890
-0.2608228788
-0.2599502919
-0.2599102963
-0.2604137009
-0.2607788795
-0.2600956522
-0.2580776134
-0.2551430945
-0.2516679863
-0.2479724452
-0.2445175426
-0.2415420008
-0.2391352199
-0.2375465384
-0.2368398079
-0.2367040665
-0.2366567824
-0.2359623262
-0.2340050267
-0.2311432716
-0.2284478379
-0.2266665236
-0.2258645357
-0.2254492257
-0.2244744372
-0.2225769252
-0.2202889347
-0.2182293035
-0.2166331213
-0.2154019959
-0.2140563437
-0.2121774577
-0.2099889794
-0.2079901789
-0.2064491406
-0.2054919475
-0.2050140547
-0.2045881837
-0.2038242670
-0.2023839855
-0.1998452462
-0.1962344702
-0.1922448027
-0.1885876596
-0.1856756290
-0.1837300490
-0.1826514386
-0.1821097991
-0.1818010012
-0.1813273049
-0.1803525625
-0.1790847896
-0.1780238765
-0.1773400682
-0.1767577705
-0.1756022204
-0.1731748226
-0.1697394748
-0.1667323861
-0.1655176219
-0.1660971701
-0.1668115770
-0.1653548911
-0.1610504552
-0.1562943274
-0.1548767480
-0.1583497563
-0.1636956154
-0.1647058171
-0.1573012768
-0.1448394597
-0.1372191344
-0.1427653916
-0.1594615255
-0.1737543103
-0.1696885257
-0.1416627728
-0.0988467074
-0.0570433786
-0.0654063251
-0.1165263248
-0.1754098689
-0.2281035099
-0.2643621431
-0.2831463966
-0.2896461433
-0.2896536317
-0.2871741231
-0.2843146020
-0.2817161665
-0.2795020635
-0.2776870121
-0.2759655313
-0.2741114013
-0.2722567873
-0.2703972450
-0.2684090809
-0.2663895519
-0.2643404712
-0.2621964430
-0.2603303090
-0.2592288479
-0.2589624659
-0.2592880200
-0.2596013541
-0.2590683493
-0.2574316132
-0.2550868420
-0.2523708222
-0.2495647300
-0.2470748791
-0.2450628007
-0.2435195119
-0.2425562557
-0.2420755513
-0.2416879138
-0.2410046282
-0.2394964770
-0.2367251672
-0.2331298869
-0.2297920544
-0.2274487447
-0.2261708023
-0.2254014155
-0.2242326220
-0.2222949747
-0.2200594985
-0.2180696961
-0.2165219158
-0.2153307145
-0.2140521355
-0.2122768566
-0.2101815683
-0.2081826948
-0.2064940079
-0.2052691845
-0.2044994963
-0.2038505584
-0.2029640706
-0.2014752178
-0.1989173143
-0.1952840724
-0.1912558194
-0.1875522883
-0.1846202639
-0.1827424262
-0.1818803391
-0.1816987548
-0.1817724764
-0.1815148999
-0.1804699651
-0.1788974985
-0.1774823772
-0.1765668477
-0.1759192153
-0.1747883681
-0.1723729239
-0.1688892785
-0.1657957890
-0.1645071557
-0.1650546774
-0.1657708092
-0.1643256179
-0.1600315054
-0.1552976610
-0.1539369199
-0.1574960846
-0.1628913851
-0.1638026320
-0.1560646852
-0.1430468212
-0.1347613999
-0.1396855407
-0.1559429107
-0.1701108193
-0.1663318647
-0.1389781446
-0.0970227967
-0.0560068282
-0.0643251788
-0.1146716175
-0.1728038751
-0.2251043509
-0.2615374514
-0.2809801814
-0.2883219933
-0.2890623778
-0.2870613812
-0.2844132484
-0.2818235731
-0.2795479074
-0.2777909647
-0.2764088554
-0.2751761760
-0.2740188905
-0.2726453533
-0.2707673152
-0.2685268065
-0.2660871374
-0.2635194160
-0.2612492667
-0.2597574252
-0.2591000878
-0.2590528907
-0.2590713309
-0.2583893452
-0.2567897057
-0.2546777648
-0.2523795295
-0.2501296045
-0.2482346457
-0.2467337405
-0.2455286949
-0.2446905891
-0.2441127062
-0.2434369009
-0.2423738045
-0.2405332897
-0.2375675688
-0.2338935237
-0.2304825812
-0.2279707230
-0.2264259625
-0.2253914098
-0.2240747551
-0.2221392686
-0.2199854111
-0.2180524426
-0.2164892706
-0.2152529348
-0.2139843901
-0.2123162843
-0.2103745009
-0.2084639432
-0.2067156166
-0.2052959802
-0.2042894897
-0.2034617548
-0.2025051008
-0.2010556486
-0.1986215194
-0.1951521073
-0.1912649104
-0.1876253174
-0.1846806816
-0.1827858634
-0.1819982388
-0.1820143666
-0.1823245789
-0.1821864735
-0.1810364223
-0.1791633631
-0.1773905912
-0.1761985491
-0.1754124305
-0.1742611044
-0.1718938558
-0.1684780689
-0.1654284042
-0.1641277741
-0.1646028092
-0.1652142026
-0.1636759277
-0.1593319383
-0.1545974722
-0.1532720847
-0.1568744974
-0.1622727483
-0.1630831443
-0.1550904658
-0.1416604196
-0.1328541706
-0.1372320288
-0.1530320291
-0.1669843175
-0.1633695246
-0.1365647178
-0.0953649155
-0.0550587269
-0.0635162207
-0.1132689204
-0.1707924027
-0.2226973754
-0.2590938586
-0.2788126662
-0.2865605796
-0.2876691755
-0.2859418806
-0.2835190700
-0.2811975649
-0.2793248710
-0.2781808235
-0.2776519328
-0.2774315118
-0.2772133945
-0.2764210160
-0.2746229930
-0.2720502812
-0.2690795341
-0.2659544234
-0.2631663058
-0.2611858820
-0.2600416639
-0.2595098250
-0.2590843159
-0.2580474878
-0.2562139076
-0.2540036470
-0.2517386865
-0.2496070963
-0.2478157258
-0.2462927465
-0.2448897340
-0.2437227378
-0.2427914930
-0.2418479488
-0.2406943473
-0.2390125643
-0.2364654206
-0.2333559589
-0.2304387805
-0.2281664501
-0.2265887135
-0.2253913991
-0.2239551053
-0.2220150940
-0.2199178257
-0.2180035819
-0.2163819818
-0.2150713662
-0.2138211860
-0.2123173061
-0.2106219369
-0.2088994575
-0.2071736186
-0.2056162183
-0.2044109684
-0.2034344753
-0.2024417368
-0.2010810939
-0.1988410977
-0.1956194883
-0.1919478220
-0.1884080037
-0.1854303161
-0.1834429087
-0.1826118938
-0.1826866163
-0.1831062107
-0.1830114045
-0.1817507168
-0.1796227391
-0.1775415767
-0.1760885274
-0.1751516646
-0.1739853009
-0.1717332116
-0.1685106141
-0.1656298510
-0.1643706072
-0.1647308735
-0.1651440576
-0.1634419864
-0.1590433044
-0.1543536905
-0.1531071847
-0.1567522412
-0.1621060798
-0.1627506009
-0.1544540124
-0.1405989505
-0.1313019173
-0.1352005421
-0.1506242338
-0.1644148611
-0.1609502414
-0.1346024924
-0.0940206815
-0.0542912019
-0.0633697257
-0.1130054547
-0.1703886232
-0.2221542811
-0.2584247438
-0.2780194583
-0.2856240448
-0.2865725114
-0.2847261693
-0.2823369139
-0.2803088348
-0.2790158648
-0.2786668586
-0.2790316335
-0.2796777066
-0.2801532576
-0.2797373631
-0.2779416478
-0.2750740839
-0.2716557954
-0.2680432901
-0.2647748696
-0.2623238495
-0.2607107143
-0.2597228089
-0.2588921947
-0.2575415248
-0.2555008047
-0.2531801216
-0.2508740336
-0.2487182844
-0.2468383517
-0.2450832932
-0.2432863815
-0.2416405599
-0.2402844452
-0.2390974947
-0.2379616756
-0.2365997965
-0.2346547333
-0.2322904969
-0.2300217794
-0.2281003289
-0.2265508053
-0.2252033391
-0.2236180648
-0.2216162426
-0.2195141632
-0.2175800278
-0.2159017609
-0.2145627740
-0.2134160702
-0.2121891306
-0.2108583930
-0.2094188624
-0.2077672142
-0.2060817153
-0.2046621143
-0.2035130793
-0.2024594627
-0.2011596059
-0.1990779220
-0.1960611642
-0.1925629210
-0.1890901951
-0.1860548709
-0.1839436429
-0.1830130639
-0.1830617273
-0.1835006097
-0.1833931585
-0.1820267088
-0.1797009596
-0.1773858417
-0.1757330707
-0.1746908411
-0.1735610573
-0.1715048093
-0.1685819002
-0.1659675642
-0.1647982471
-0.1650363176
-0.1652271063
-0.1633770240
-0.1590054489
-0.1544776207
-0.1533932381
-0.1570695219
-0.1622492881
-0.1624898867
-0.1535778880
-0.1389834483
-0.1289833087
-0.1323796597
-0.1475930585
-0.1614809231
-0.1583969366
-0.1326409171
-0.0927211889
-0.0535634342
-0.0640312017
-0.1141443563
-0.1719985757
-0.2240229819
-0.2601952823
-0.2793443542
-0.2862869391
-0.2865232164
-0.2840864534
-0.2814083557
-0.2795138960
-0.2787277726
-0.2790293610
-0.2799232292
-0.2808418397
-0.2813628378
-0.2808684194
-0.2789492936
-0.2759354714
-0.2723310798
-0.2684713703
-0.2648949502
-0.2620978483
-0.2601334979
-0.2588322512
-0.2577819926
-0.2563507217
-0.2543678502
-0.2521942864
-0.2500576473
-0.2480303496
-0.2461778167
-0.2443013568
-0.2422308960
-0.2402225609
-0.2385209180
-0.2371038021
-0.2359214319
-0.2347395808
-0.2331938081
-0.2313407969
-0.2295040460
-0.2277736558
-0.2261525800
-0.2245862910
-0.2227816482
-0.2206366988
-0.2184590104
-0.2164790839
-0.2147819923
-0.2135069102
-0.2125850512
-0.2117601521
-0.2109005554
-0.2098119480
-0.2082533692
-0.2064155726
-0.2047321964
-0.2033513566
-0.2021702806
-0.2008490196
-0.1988207092
-0.1958889790
-0.1924567706
-0.1889874544
-0.1858824709
-0.1836612408
-0.1826317095
-0.1826216025
-0.1830285248
-0.1828763467
-0.1814207572
-0.1789610176
-0.1764970739
-0.1747259180
-0.1736473451
-0.1726172593
-0.1708234432
-0.1682697055
-0.1659807965
-0.1649367046
-0.1650698530
-0.1650680171
-0.1631489664
-0.1589400572
-0.1547205103
-0.1538749598
-0.1575218439
-0.1623090185
-0.1617922962
-0.1518339242
-0.1360974812
-0.1251724662
-0.1281485996
-0.1435231733
-0.1580019395
-0.1557097373
-0.1307661197
-0.0915597158
-0.0529395881
-0.0652565672
-0.1162735439
-0.1750612121
-0.2276981252
-0.2639116021
-0.2825327275
-0.2885743375
-0.2877828835
-0.2844382100
-0.2812178132
-0.2792936761
-0.2788843245
-0.2796043402
-0.2805658379
-0.2810718391
-0.2809150287
-0.2798362584
-0.2776452476
-0.2746379465
-0.2711363747
-0.2673156243
-0.2636605604
-0.2607000735
-0.2585524262
-0.2571167530
-0.2560506036
-0.2547720240
-0.2531016516
-0.2513283220
-0.2495895408
-0.2478894775
-0.2462476377
-0.2444348144
-0.2422795987
-0.2400774493
-0.2381367978
-0.2364993245
-0.2351739934
-0.2339781684
-0.2325602625
-0.2309112662
-0.2292249343
-0.2274794115
-0.2256632733
-0.2238065714
-0.2217255941
-0.2193801099
-0.2170825961
-0.2150507826
-0.2133764696
-0.2122367685
-0.2116091562
-0.2112306723
-0.2108581427
-0.2101173927
-0.2086399448
-0.2066330172
-0.2046622019
-0.2030142401
-0.2016534897
-0.2002378955
-0.1981702993
-0.1952230662
-0.1917738022
-0.1882691227
-0.1851061381
-0.1828134194
-0.1817150231
-0.1816492455
-0.1820120841
-0.1818187325
-0.1803162145
-0.1777983139
-0.1752673603
-0.1734388533
-0.1723554238
-0.1714350081
-0.1699047790
-0.1677197003
-0.1657544275
-0.1648325374
-0.1648639707
-0.1646959569
-0.1627736816
-0.1588246663
-0.1549943221
-0.1543817918
-0.1578627682
-0.1620123453
-0.1604662482
-0.1492659814
-0.1323740470
-0.1207939356
-0.1239475297
-0.1402979234
-0.1561105516
-0.1549690491
-0.1307002530
-0.0917295205
-0.0531052148
-0.0664520797
-0.1183721238
-0.1781360210
-0.2315090607
-0.2679789118
-0.2863347609
-0.2917009245
-0.2900038330
-0.2857707661
-0.2819801080
-0.2799984681
-0.2799239278
-0.2809274267
-0.2816466801
-0.2812610386
-0.2799075467
-0.2778638698
-0.2752615641
-0.2723384026
-0.2691385713
-0.2655910643
-0.2620830686
-0.2591630570
-0.2570126958
-0.2555974094
-0.2546360277
-0.2535893473
-0.2522739806
-0.2509237420
-0.2496048826
-0.2482647685
-0.2468791172
-0.2451843855
-0.2430022176
-0.2406606360
-0.2385229254
-0.2366853153
-0.2352078662
-0.2339530552
-0.2325816608
-0.2310337821
-0.2294014629
-0.2275751208
-0.2255346878
-0.2233832260
-0.2210307549
-0.2184914789
-0.2160858052
-0.2140227811
-0.2123935932
-0.2113890209
-0.2110027901
-0.2109565359
-0.2109278552
-0.2104213106
-0.2089835844
-0.2068348683
-0.2046322785
-0.2027590692
-0.2012296891
-0.1997082492
-0.1975849167
-0.1946149338
-0.1911584977
-0.1876481690
-0.1844726599
-0.1821575912
-0.1810290822
-0.1809324105
-0.1812756101
-0.1810873972
-0.1796168573
-0.1771357916
-0.1746099829
-0.1727385931
-0.1716014625
-0.1707009598
-0.1693323770
-0.1674209618
-0.1657003705
-0.1648415847
-0.1647331373
-0.1643806110
-0.1624501844
-0.1587492545
-0.1552502358
-0.1547263373
-0.1578166619
-0.1611222457
-0.1585348434
-0.1464382558
-0.1291534410
-0.1180428823
-0.1227189016
-0.1413542138
-0.1593793331
-0.1594594282
-0.1350628076
-0.0950064434
-0.0550681911
-0.0670038048
-0.1193761394
-0.1796992371
-0.2336383509
-0.2705682242
-0.2891659506
-0.2944529439
-0.2923391699
-0.2875286817
-0.2833366137
-0.2813861252
-0.2816857678
-0.2829533560
-0.2833292371
-0.2818728243
-0.2791133688
-0.2759322995
-0.2728287814
-0.2699926434
-0.2671792037
-0.2640529658
-0.2608776570
-0.2581880527
-0.2561962267
-0.2549046145
-0.2540649135
-0.2531631919
-0.2520281906
-0.2508907905
-0.2498021181
-0.2486788028
-0.2474447180
-0.2457809980
-0.2434918401
-0.2409481821
-0.2385913775
-0.2365879791
-0.2350437919
-0.2338459927
-0.2326474473
-0.2313236074
-0.2298554262
-0.2280408497
-0.2258536414
-0.2234774533
-0.2209230682
-0.2182611963
-0.2158143798
-0.2137684421
-0.2121915080
-0.2112581054
-0.2109504556
-0.2109796935
-0.2110092891
-0.2105261971
-0.2090650266
-0.2068486437
-0.2045499145
-0.2025724185
-0.2009525370
-0.1993790583
-0.1972616402
-0.1943541522
-0.1909908532
-0.1875703238
-0.1844588228
-0.1821763098
-0.1810553373
-0.1809582537
-0.1813220899
-0.1812063704
-0.1798648622
-0.1775225179
-0.1750610683
-0.1731225675
-0.1718211736
-0.1707775451
-0.1693965462
-0.1676014499
-0.1659986470
-0.1651106575
-0.1647984624
-0.1642089898
-0.1622047206
-0.1586449721
-0.1553032169
-0.1546199950
-0.1570536177
-0.1593962597
-0.1560438627
-0.1439087589
-0.1276318245
-0.1186638829
-0.1264581113
-0.1485841248
-0.1693530167
-0.1702996254
-0.1445842254
-0.1018189086
-0.0590499997
-0.0667075599
-0.1189240553
-0.1792126198
-0.2333993319
-0.2709082028
-0.2902382491
-0.2960746781
-0.2940880775
-0.2890586994
-0.2846445771
-0.2827767537
-0.2834385293
-0.2849629574
-0.2850461089
-0.2826355805
-0.2786082187
-0.2743858697
-0.2708051087
-0.2680335494
-0.2655940859
-0.2629281068
-0.2601759822
-0.2578256852
-0.2560782683
-0.2549378139
-0.2541595796
-0.2532395748
-0.2520383700
-0.2508415286
-0.2497470632
-0.2486688279
-0.2474679012
-0.2457447956
-0.2432717010
-0.2404687308
-0.2378757112
-0.2357455674
-0.2342283243
-0.2332216911
-0.2323546803
-0.2314216602
-0.2302744032
-0.2286056572
-0.2263830082
-0.2238807238
-0.2212212143
-0.2185351208
-0.2161386366
-0.2141749396
-0.2126622037
-0.2117256264
-0.2113067831
-0.2111142154
-0.2108727506
-0.2101707727
-0.2086148274
-0.2064198317
-0.2041892845
-0.2022610579
-0.2006600016
-0.1991168963
-0.1970935890
-0.1943582847
-0.1912090065
-0.1879878762
-0.1850230906
-0.1828261201
-0.1817406616
-0.1816561291
-0.1820550243
-0.1820449306
-0.1808891554
-0.1787478200
-0.1763820435
-0.1743446788
-0.1727807595
-0.1714541465
-0.1699113665
-0.1680982562
-0.1665107892
-0.1655312189
-0.1649844164
-0.1641297704
-0.1619877927
-0.1584421028
-0.1550653667
-0.1539979594
-0.1556037643
-0.1570322793
-0.1533946628
-0.1422300457
-0.1282969615
-0.1226446570
-0.1340899827
-0.1594698939
-0.1822307576
-0.1831583469
-0.1553631232
-0.1093379174
-0.0633853535
-0.0657603019
-0.1173412674
-0.1770998526
-0.2312052371
-0.2692504013
-0.2895276988
-0.2962476134
-0.2946964485
-0.2896376485
-0.2850294003
-0.2831184276
-0.2839468228
-0.2856223348
-0.2855495402
-0.2825868966
-0.2778107661
-0.2729688063
-0.2691086516
-0.2663985686
-0.2642373364
-0.2619378475
-0.2595509120
-0.2575041399
-0.2559598836
-0.2549023960
-0.2540788430
-0.2529938557
-0.2515550015
-0.2501361472
-0.2489188097
-0.2478316848
-0.2466674837
-0.2449303544
-0.2423430407
-0.2393551551
-0.2365862108
-0.2343656522
-0.2328904754
-0.2320803889
-0.2315530986
-0.2310304084
-0.2302400373
-0.2287725356
-0.2265879132
-0.2240447536
-0.2213701606
-0.2187497807
-0.2164880354
-0.2146752404
-0.2132596611
-0.2122845134
-0.2116177156
-0.2109660849
-0.2101788743
-0.2090496804
-0.2073325572
-0.2052298025
-0.2032074059
-0.2014662999
-0.1999871126
-0.1985474363
-0.1966806157
-0.1941833309
-0.1913201859
-0.1883720789
-0.1856204137
-0.1835554260
-0.1825184422
-0.1824216359
-0.1828048739
-0.1828456865
-0.1818343685
-0.1798707477
-0.1775897923
-0.1754464126
-0.1736082668
-0.1719761001
-0.1702372627
-0.1683704655
-0.1667831588
-0.1657372044
-0.1650162987
-0.1639528896
-0.1616742320
-0.1580670817
-0.1545384923
-0.1530101646
-0.1538512755
-0.1546669570
-0.1513423988
-0.1419426495
-0.1309263394
-0.1282540091
-0.1415997888
-0.1673468266
-0.1892479563
-0.1886836706
-0.1592510318
-0.1117553634
-0.0646858354
-0.0644970281
-0.1151883777
-0.1741109533
-0.2278363112
-0.2661783518
-0.2872492293
-0.2947900202
-0.2936801785
-0.2885951164
-0.2836883246
-0.2814627075
-0.2820991158
-0.2837083019
-0.2836406262
-0.2807076831
-0.2759645980
-0.2711590334
-0.2673494575
-0.2647182739
-0.2626779045
-0.2605415203
-0.2583306464
-0.2564207520
-0.2549273583
-0.2538126366
-0.2528255733
-0.2514935120
-0.2497773505
-0.2481382012
-0.2468412828
-0.2458338213
-0.2448451558
-0.2432852070
-0.2408119342
-0.2378579172
-0.2350594522
-0.2327816936
-0.2312726864
-0.2305101655
-0.2301428959
-0.2298595928
-0.2293023349
-0.2279864109
-0.2258618739
-0.2233420278
-0.2207256299
-0.2182362796
-0.2161666345
-0.2145591875
-0.2132858513
-0.2122817573
-0.2113089379
-0.2100648243
-0.2085614428
-0.2068669487
-0.2049363507
-0.2029616318
-0.2012327819
-0.1997705608
-0.1984852321
-0.1971923113
-0.1954994343
-0.1932436290
-0.1906749975
-0.1880304151
-0.1855437214
-0.1836572626
-0.1826721560
-0.1825010916
-0.1827495084
-0.1826954465
-0.1816900975
-0.1798014479
-0.1775630937
-0.1753450274
-0.1733219388
-0.1714904065
-0.1696419104
-0.1677835877
-0.1662634540
-0.1652580978
-0.1645121334
-0.1633846951
-0.1610486440
-0.1573798675
-0.1536877676
-0.1517957264
-0.1521746362
-0.1528916147
-0.1504902107
-0.1432723795
-0.1348462078
-0.1333430953
-0.1448695102
-0.1659952688
-0.1826417553
-0.1788284187
-0.1493457011
-0.1041928143
-0.0601181833
-0.0634124625
-0.1133125388
-0.1714327760
-0.2246536586
-0.2629745615
-0.2844126149
-0.2924090159
-0.2915593797
-0.2864191839
-0.2811767305
-0.2784503659
-0.2785858884
-0.2799055553
-0.2799424444
-0.2775179065
-0.2734743636
-0.2692656694
-0.2657767680
-0.2632108972
-0.2611127875
-0.2589094757
-0.2566514649
-0.2546792886
-0.2530661369
-0.2517621805
-0.2505391916
-0.2489657617
-0.2470504231
-0.2453104085
-0.2440632674
-0.2432674214
-0.2426076823
-0.2414245183
-0.2393092839
-0.2366289543
-0.2339611049
-0.2316532561
-0.2300028013
-0.2290811633
-0.2286148875
-0.2283123884
-0.2277893451
-0.2265285614
-0.2244665457
-0.2220242322
-0.2195183504
-0.2171841261
-0.2153088194
-0.2139077581
-0.2127886332
-0.2117728263
-0.2105015075
-0.2086527722
-0.2064037662
-0.2041088126
-0.2019358072
-0.2000725211
-0.1986340366
-0.1974581408
-0.1963753776
-0.1952245522
-0.1936779185
-0.1916202589
-0.1893136630
-0.1869796975
-0.1848071526
-0.1831541508
-0.1822278302
-0.1819083374
-0.1818750816
-0.1815454208
-0.1803756916
-0.1784405661
-0.1762065169
-0.1739761274
-0.1719082182
-0.1700356350
-0.1681991583
-0.1664246218
-0.1650386785
-0.1641817215
-0.1635705102
-0.1625464069
-0.1602664244
-0.1565858162
-0.1527939298
-0.1507385735
-0.1510559445
-0.1521895974
-0.1511038164
-0.1460094684
-0.1392839863
-0.1368492058
-0.1431288934
-0.1554915674
-0.1634796224
-0.1552940134
-0.1273938792
-0.0879960073
-0.0504987114
-0.0631910281
-0.1129006560
-0.1707686302
-0.2237019840
-0.2617388704
-0.2829500088
-0.2908357588
-0.2900050735
-0.2849222131
-0.2796022320
-0.2765416597
-0.2761677042
-0.2771024675
-0.2772018501
-0.2753605095
-0.2721583565
-0.2686520649
-0.2654842884
-0.2628829447
-0.2605721233
-0.2581373170
-0.2556830745
-0.2535268469
-0.2517082516
-0.2501791183
-0.2487528934
-0.2470489505
-0.2451023475
-0.2434321341
-0.2423525603
-0.2418189780
-0.2415078772
-0.2407425863
-0.2390726027
-0.2367781509
-0.2343278187
-0.2320079758
-0.2301497659
-0.2289241241
-0.2281559353
-0.2276173177
-0.2269609246
-0.2256845561
-0.2237061627
-0.2213981824
-0.2190293125
-0.2168150012
-0.2150504899
-0.2137597151
-0.2127224428
-0.2116780103
-0.2101693370
-0.2078506103
-0.2050162132
-0.2022312920
-0.1998229966
-0.1979815194
-0.1967011877
-0.1956907002
-0.1947206539
-0.1936410225
-0.1921696132
-0.1902379888
-0.1881434948
-0.1861201217
-0.1843129219
-0.1829575048
-0.1821105239
-0.1815855812
-0.1811475683
-0.1803961670
-0.1789375241
-0.1768852571
-0.1746599225
-0.1725004458
-0.1705203263
-0.1687290238
-0.1669634385
-0.1652636178
-0.1639839260
-0.1632900420
-0.1628930999
-0.1620836129
-0.1599513109
-0.1563225612
-0.1525300058
-0.1505325464
-0.1511292955
-0.1529584078
-0.1530978153
-0.1494670970
-0.1433575837
-0.1389502142
-0.1394561274
-0.1431774399
-0.1430404248
-0.1310679783
-0.1051614546
-0.0717231758
-0.0408735404
-0.0643582953
-0.1148614470
-0.1734155048
-0.2265232671
-0.2640300084
-0.2842654285
-0.2913082901
-0.2902265039
-0.2854769632
-0.2806579256
-0.2778235706
-0.2772863455
-0.2779145817
-0.2779059408
-0.2762930081
-0.2735039271
-0.2703149195
-0.2671926044
-0.2643910716
-0.2617786064
-0.2590638996
-0.2563896689
-0.2540509971
-0.2520621274
-0.2503886395
-0.2488963832
-0.2472521480
-0.2454844691
-0.2440482373
-0.2431870775
-0.2428374792
-0.2427185152
-0.2422113878
-0.2408742716
-0.2389132367
-0.2366740469
-0.2343565793
-0.2322960518
-0.2307327340
-0.2295764491
-0.2286883715
-0.2278137731
-0.2265092299
-0.2246683066
-0.2225586615
-0.2203330423
-0.2181554573
-0.2163471121
-0.2149859912
-0.2138806038
-0.2127566553
-0.2111205184
-0.2086056501
-0.2055283831
-0.2025055256
-0.1999064139
-0.1979304433
-0.1965562415
-0.1954722942
-0.1944381240
-0.1933065224
-0.1918132186
-0.1899249227
-0.1879881033
-0.1862695599
-0.1848701950
-0.1838707479
-0.1831301842
-0.1823688301
-0.1814517080
-0.1802021960
-0.1784137369
-0.1762563532
-0.1741035680
-0.1721146730
-0.1703243743
-0.1686693244
-0.1669416289
-0.1652001418
-0.1638835709
-0.1632511144
-0.1630392497
-0.1624690621
-0.1605265269
-0.1570022868
-0.1533128940
-0.1515675969
-0.1526585141
-0.1551601370
-0.1559292935
-0.1525737077
-0.1460181417
-0.1400611104
-0.1377561688
-0.1378944443
-0.1346375614
-0.1213371646
-0.0963422434
-0.0653108414
-0.0370940908
-0.0668457954
-0.1190665887
-0.1791635833
-0.2328091941
-0.2694295494
-0.2878256058
-0.2931848564
-0.2914950249
-0.2873087930
-0.2835864055
-0.2816294926
-0.2814118278
-0.2819253005
-0.2816589630
-0.2798337769
-0.2768941434
-0.2735393746
-0.2701799334
-0.2670916343
-0.2642111025
-0.2612973465
-0.2584957327
-0.2560726527
-0.2540221628
-0.2523308172
-0.2509191664
-0.2494917177
-0.2480424089
-0.2469135321
-0.2462299107
-0.2459019969
-0.2457394604
-0.2452505141
-0.2440528766
-0.2423026274
-0.2402281805
-0.2379319156
-0.2357235495
-0.2338724371
-0.2323461992
-0.2311015448
-0.2300083801
-0.2287086732
-0.2270670724
-0.2252088562
-0.2231248705
-0.2209067268
-0.2189163524
-0.2173230215
-0.2160174945
-0.2147853230
-0.2131666641
-0.2107798527
-0.2078570538
-0.2048881440
-0.2021540856
-0.1998735348
-0.1981313361
-0.1967219309
-0.1954499522
-0.1941596046
-0.1925687058
-0.1906571094
-0.1888223082
-0.1873751341
-0.1863748871
-0.1857350945
-0.1850978365
-0.1840813023
-0.1826630266
-0.1809153674
-0.1788379693
-0.1766571516
-0.1746813984
-0.1729642133
-0.1714332638
-0.1699218643
-0.1681550668
-0.1662204889
-0.1646889490
-0.1639686846
-0.1638487814
-0.1634726543
-0.1617017703
-0.1582890052
-0.1547607821
-0.1533898250
-0.1550718878
-0.1580636359
-0.1587067243
-0.1543736215
-0.1465227950
-0.1401678259
-0.1393902659
-0.1427956371
-0.1429869955
-0.1314465217
-0.1057362681
-0.0722340221
-0.0412041713
-0.0698492321
-0.1241085345
-0.1859583217
-0.2400155559
-0.2751783722
-0.2908630559
-0.2936991137
-0.2908864777
-0.2871512143
-0.2847044515
-0.2839314816
-0.2843362654
-0.2849433655
-0.2844836223
-0.2823806160
-0.2791783604
-0.2756065589
-0.2720808185
-0.2688827904
-0.2659570641
-0.2630599357
-0.2603144992
-0.2579527859
-0.2559493261
-0.2543108880
-0.2530072228
-0.2517737359
-0.2505688834
-0.2496292147
-0.2489711837
-0.2484927357
-0.2481145196
-0.2474953769
-0.2463285964
-0.2447258703
-0.2427997069
-0.2405530722
-0.2382608414
-0.2362076296
-0.2344062679
-0.2328969492
-0.2316615218
-0.2304185699
-0.2290034262
-0.2274057526
-0.2254628914
-0.2231988741
-0.2210179163
-0.2191858867
-0.2176940587
-0.2164226155
-0.2149818655
-0.2129751236
-0.2104837730
-0.2077615255
-0.2049255074
-0.2022308542
-0.1999597408
-0.1981031482
-0.1965440150
-0.1950944497
-0.1934111509
-0.1914555715
-0.1896634259
-0.1883898649
-0.1876651941
-0.1872636143
-0.1866453931
-0.1853496614
-0.1834672700
-0.1813060815
-0.1790547260
-0.1769752642
-0.1752868207
-0.1739168924
-0.1726773533
-0.1712986271
-0.1694431572
-0.1672361765
-0.1653949642
-0.1644907598
-0.1643709187
-0.1640985683
-0.1624082982
-0.1590236899
-0.1556036477
-0.1545998867
-0.1568675744
-0.1602041182
-0.1602729401
-0.1542654011
-0.1447035881
-0.1387476307
-0.1421946785
-0.1530565242
-0.1607183265
-0.1528958955
-0.1256294218
-0.0868752188
-0.0498893876
-0.0722447874
-0.1280284667
-0.1909616017
-0.2446739605
-0.2775974174
-0.2898050877
-0.2894067017
-0.2848483841
-0.2810501257
-0.2794965061
-0.2796869491
-0.2806718133
-0.2815094899
-0.2811729332
-0.2792659410
-0.2763667263
-0.2731589950
-0.2700121445
-0.2671853891
-0.2646165168
-0.2620557145
-0.2596044012
-0.2574586082
-0.2555689439
-0.2539535926
-0.2526208684
-0.2513384345
-0.2500621100
-0.2489930475
-0.2481165767
-0.2473536475
-0.2467198754
-0.2459898688
-0.2449015207
-0.2434971072
-0.2417598324
-0.2395969303
-0.2372673529
-0.2350992676
-0.2331657577
-0.2315629928
-0.2303228837
-0.2291918693
-0.2279797453
-0.2265971841
-0.2247984521
-0.2225744530
-0.2203577672
-0.2184777396
-0.2169976846
-0.2158698973
-0.2147582880
-0.2132427661
-0.2112513387
-0.2088042805
-0.2058663642
-0.2027523097
-0.1999742293
-0.1977454774
-0.1960232149
-0.1945517932
-0.1928818544
-0.1909191478
-0.1891098784
-0.1878415124
-0.1871392070
-0.1867111908
-0.1859324929
-0.1843218443
-0.1820691377
-0.1796580738
-0.1774076840
-0.1755751623
-0.1742654465
-0.1732737273
-0.1723138677
-0.1710509644
-0.1691200647
-0.1666882814
-0.1645874783
-0.1635095026
-0.1633356389
-0.1630511144
-0.1612828599
-0.1577471070
-0.1542570707
-0.1534700418
-0.1562284297
-0.1598928469
-0.1594615956
-0.1519232714
-0.1407659431
-0.1351371690
-0.1424436422
-0.1601937728
-0.1748643559
-0.1707500033
-0.1424813430
-0.0993802454
-0.0573376473
-0.0735157986
-0.1299479053
-0.1929594236
-0.2454291884
-0.2754772446
-0.2838002894
-0.2798283383
-0.2731074643
-0.2687108934
-0.2674666719
-0.2681089241
-0.2693464026
-0.2703714683
-0.2704778054
-0.2694302400
-0.2676858293
-0.2656814202
-0.2636113707
-0.2616826492
-0.2598541684
-0.2579079813
-0.2559434011
-0.2541201216
-0.2523562084
-0.2506705678
-0.2491026919
-0.2474615727
-0.2457445922
-0.2442034843
-0.2428844552
-0.2417681935
-0.2409320809
-0.2402069658
-0.2393244573
-0.2382191375
-0.2367238742
-0.2346558820
-0.2322931831
-0.2300605994
-0.2281240808
-0.2266057343
-0.2255072799
-0.2245371860
-0.2234817451
-0.2222438241
-0.2205846299
-0.2185072554
-0.2164565041
-0.2147802231
-0.2135631128
-0.2127718119
-0.2120716666
-0.2110064562
-0.2093986733
-0.2071238454
-0.2040685676
-0.2006245212
-0.1975059552
-0.1951120687
-0.1934427079
-0.1921446682
-0.1906343656
-0.1887325693
-0.1868625522
-0.1854221130
-0.1844548180
-0.1836917550
-0.1825421042
-0.1805759843
-0.1780619990
-0.1755816180
-0.1735087322
-0.1720470995
-0.1711635985
-0.1705236734
-0.1697797741
-0.1685972407
-0.1666420437
-0.1641240528
-0.1619235916
-0.1607687297
-0.1605289799
-0.1601204032
-0.1580994715
-0.1542054584
-0.1504202596
-0.1496298431
-0.1527341807
-0.1567965713
-0.1562968207
-0.1479579614
-0.1357088701
-0.1297713184
-0.1384980012
-0.1593079775
-0.1774068371
-0.1755314485
-0.1475997155
-0.1033875432
-0.0597861973
-0.0742689394
-0.1309872289
-0.1937426141
-0.2448341660
-0.2721694058
-0.2770047384
-0.2699030535
-0.2613267670
-0.2564072388
-0.2553032500
-0.2560270505
-0.2570579815
-0.2579066999
-0.2583637884
-0.2583986551
-0.2582214708
-0.2578282291
-0.2571111524
-0.2562120788
-0.2551650180
-0.2538380541
-0.2523513867
-0.2508250975
-0.2491342774
-0.2472957297
-0.2453874456
-0.2432724546
-0.2410063923
-0.2389136798
-0.2371217339
-0.2356748150
-0.2346949393
-0.2340428853
-0.2334207999
-0.2326379183
-0.2313658408
-0.2293363589
-0.2268750959
-0.2245466276
-0.2226372291
-0.2212805857
-0.2203995151
-0.2196192286
-0.2186939752
-0.2175481927
-0.2159909043
-0.2140630222
-0.2122250760
-0.2108303001
-0.2099539761
-0.2095249274
-0.2091556811
-0.2083446252
-0.2068789081
-0.2046106460
-0.2014370305
-0.1978193968
-0.1945894701
-0.1922441275
-0.1907864108
-0.1897713535
-0.1884988692
-0.1867059003
-0.1847704603
-0.1830743885
-0.1816844081
-0.1804079023
-0.1787638439
-0.1764192146
-0.1737087767
-0.1712606275
-0.1694510025
-0.1683942557
-0.1678995651
-0.1675056206
-0.1668450647
-0.1656600739
-0.1637143511
-0.1612605427
-0.1591507236
-0.1580511115
-0.1577693728
-0.1571702758
-0.1547881150
-0.1504139610
-0.1461916321
-0.1452266799
-0.1485327326
-0.1530444410
-0.1529273992
-0.1446136301
-0.1319241084
-0.1251587674
-0.1328612056
-0.1527348875
-0.1703721168
-0.1688619783
-0.1421591073
-0.0996464362
-0.0576454108
-0.0755871178
-0.1331130409
-0.1963712964
-0.2470879432
-0.2729424344
-0.2756839839
-0.2668788319
-0.2577542566
-0.2533490024
-0.2529846415
-0.2538260078
-0.2541781105
-0.2541191603
-0.2542102812
-0.2547621958
-0.2557157266
-0.2565235244
-0.2567012928
-0.2563377886
-0.2556058743
-0.2545109527
-0.2532113209
-0.2517819777
-0.2500477596
-0.2480346235
-0.2458855739
-0.2435293239
-0.2410446001
-0.2387395566
-0.2367219130
-0.2350530347
-0.2339223048
-0.2332668995
-0.2327956543
-0.2322150759
-0.2310433450
-0.2289265787
-0.2262434599
-0.2237067811
-0.2217287402
-0.2204635813
-0.2197646581
-0.2191706803
-0.2183825143
-0.2173071341
-0.2157599194
-0.2138103673
-0.2119679881
-0.2106319814
-0.2098807031
-0.2095845177
-0.2092701110
-0.2083902746
-0.2067671598
-0.2043425323
-0.2010928784
-0.1975071667
-0.1944023227
-0.1922466589
-0.1910121257
-0.1902171884
-0.1891219530
-0.1874239726
-0.1854590193
-0.1835723510
-0.1818329428
-0.1801118530
-0.1780275298
-0.1753362828
-0.1724379087
-0.1700050280
-0.1684082801
-0.1676633192
-0.1674130584
-0.1670722778
-0.1662923072
-0.1649656011
-0.1630158845
-0.1607377818
-0.1588838131
-0.1579672740
-0.1576931190
-0.1569057329
-0.1541738867
-0.1493606258
-0.1447305254
-0.1435428692
-0.1469274319
-0.1518346437
-0.1523368467
-0.1446442488
-0.1321575407
-0.1246023124
-0.1301629438
-0.1469321933
-0.1617419097
-0.1590586815
-0.1333348732
-0.0932484745
-0.0538792427
-0.0778355190
-0.1369881483
-0.2018766877
-0.2536086690
-0.2795918740
-0.2820226092
-0.2733893601
-0.2655593859
-0.2632884205
-0.2647829175
-0.2661150162
-0.2654143265
-0.2635869455
-0.2622740812
-0.2623174438
-0.2634471976
-0.2645535218
-0.2647490301
-0.2640896474
-0.2629381391
-0.2614739011
-0.2599073542
-0.2582724092
-0.2563500507
-0.2541986016
-0.2520597387
-0.2499316456
-0.2478396595
-0.2459070699
-0.2440395406
-0.2422433614
-0.2408426402
-0.2399691986
-0.2394281789
-0.2388698260
-0.2376683809
-0.2353701928
-0.2323854312
-0.2295486248
-0.2273802999
-0.2260735356
-0.2254560390
-0.2250054299
-0.2243477815
-0.2233044464
-0.2216184946
-0.2193622203
-0.2171405583
-0.2154663521
-0.2144615393
-0.2139470888
-0.2133577679
-0.2121082744
-0.2101033351
-0.2074438369
-0.2042152338
-0.2008745633
-0.1980904105
-0.1961808797
-0.1950634502
-0.1942940847
-0.1931927420
-0.1914895699
-0.1895158536
-0.1875888359
-0.1857544298
-0.1838819077
-0.1816022525
-0.1787015941
-0.1756401666
-0.1731597881
-0.1716484452
-0.1710411844
-0.1708288095
-0.1703161264
-0.1692050625
-0.1675903888
-0.1655962030
-0.1635539907
-0.1620628984
-0.1614179299
-0.1612004998
-0.1602765028
-0.1573080471
-0.1522393299
-0.1473828003
-0.1460347898
-0.1493895206
-0.1545155938
-0.1556023543
-0.1487897271
-0.1370066754
-0.1291572374
-0.1327886020
-0.1462501772
-0.1576497869
-0.1529417353
-0.1272071625
-0.0885814918
-0.0510645224
-0.0799538400
-0.1406892076
-0.2072734014
-0.2603221404
-0.2870648893
-0.2901455499
-0.2828902405
-0.2776768443
-0.2787976204
-0.2831001120
-0.2853542818
-0.2834886966
-0.2794022112
-0.2760264885
-0.2748758834
-0.2755340358
-0.2763433568
-0.2760058267
-0.2745389920
-0.2724977804
-0.2702427600
-0.2680564641
-0.2659674400
-0.2637501415
-0.2615222737
-0.2596381337
-0.2581492154
-0.2569434390
-0.2557992354
-0.2542613420
-0.2522393300
-0.2502976119
-0.2489249512
-0.2481345175
-0.2475488373
-0.2463732186
-0.2440122136
-0.2408619242
-0.2378315243
-0.2355165551
-0.2341471142
-0.2335456583
-0.2331463132
-0.2325035119
-0.2313426952
-0.2293196504
-0.2265087763
-0.2236339090
-0.2213550283
-0.2198652123
-0.2189581911
-0.2179958765
-0.2163631890
-0.2140385741
-0.2112602696
-0.2081945497
-0.2052301272
-0.2028414725
-0.2011580328
-0.2000351792
-0.1990914251
-0.1977498751
-0.1958336308
-0.1937519112
-0.1918709997
-0.1902274978
-0.1886111459
-0.1865406222
-0.1837358634
-0.1806810588
-0.1781878813
-0.1766806793
-0.1760551532
-0.1757063714
-0.1748751722
-0.1733343479
-0.1713798245
-0.1693240188
-0.1675193610
-0.1663951307
-0.1660188673
-0.1658627175
-0.1648572259
-0.1618025734
-0.1567192939
-0.1518808448
-0.1504861282
-0.1537100533
-0.1587838973
-0.1601644721
-0.1540910847
-0.1431545821
-0.1355243675
-0.1381060027
-0.1493076828
-0.1580970129
-0.1514852720
-0.1250625487
-0.0867256143
-0.0498813617
-0.0798776460
-0.1404780600
-0.2067745991
-0.2593563672
-0.2856190279
-0.2886971447
-0.2825950804
-0.2800220644
-0.2846823130
-0.2919982252
-0.2954154312
-0.2926463178
-0.2865586139
-0.2813626223
-0.2792520407
-0.2796817636
-0.2804700799
-0.2799069110
-0.2779162856
-0.2751689322
-0.2721701841
-0.2693071586
-0.2666885560
-0.2641638429
-0.2619325123
-0.2604308446
-0.2597145493
-0.2594692229
-0.2590499913
-0.2575908920
-0.2549373686
-0.2520276402
-0.2498837760
-0.2488301932
-0.2484383853
-0.2476581194
-0.2456737765
-0.2428064453
-0.2399917822
-0.2378632325
-0.2366450453
-0.2361049226
-0.2356116562
-0.2346914512
-0.2330855216
-0.2304862915
-0.2270262620
-0.2235227377
-0.2207368845
-0.2189161324
-0.2178474344
-0.2168589728
-0.2153067018
-0.2131515428
-0.2106215192
-0.2078666753
-0.2052315283
-0.2031151780
-0.2015697130
-0.2003998507
-0.1992035861
-0.1974238838
-0.1949881233
-0.1925130257
-0.1905858125
-0.1893197483
-0.1883711444
-0.1870203539
-0.1848054752
-0.1821468096
-0.1798640654
-0.1784059986
-0.1776899968
-0.1771290366
-0.1759938312
-0.1741317247
-0.1719592379
-0.1698873635
-0.1682571129
-0.1673647251
-0.1671216210
-0.1669518499
-0.1658870509
-0.1628825896
-0.1580139232
-0.1534297152
-0.1521071380
-0.1551057132
-0.1597964130
-0.1609576908
-0.1550633244
-0.1446146005
-0.1373931941
-0.1399172421
-0.1505264628
-0.1584846898
-0.1512069966
-0.1244981316
-0.0862012409
-0.0495376884
-0.0763372087
-0.1340616011
-0.1968444178
-0.2459236913
-0.2693441890
-0.2707536859
-0.2645647831
-0.2635750434
-0.2708625887
-0.2805987120
-0.2851235702
-0.2819563515
-0.2747257047
-0.2686762807
-0.2665488896
-0.2676565034
-0.2693468960
-0.2695180620
-0.2679092580
-0.2651618831
-0.2618481478
-0.2585013297
-0.2554373132
-0.2526952647
-0.2505663445
-0.2494877913
-0.2494331383
-0.2498451243
-0.2496726334
-0.2477070017
-0.2438297424
-0.2394886243
-0.2363914230
-0.2352412001
-0.2354790989
-0.2356576928
-0.2346392833
-0.2326230590
-0.2305613001
-0.2291137923
-0.2284273551
-0.2280937515
-0.2273425837
-0.2257351548
-0.2232342116
-0.2198038475
-0.2157390717
-0.2118918065
-0.2090181531
-0.2073645055
-0.2067191852
-0.2064147064
-0.2057589819
-0.2045358489
-0.2027211180
-0.2003096953
-0.1977019604
-0.1955113056
-0.1939732317
-0.1928672048
-0.1915685816
-0.1893126228
-0.1860696688
-0.1828088781
-0.1805711762
-0.1796923973
-0.1796874550
-0.1795083989
-0.1784066155
-0.1766201349
-0.1748649530
-0.1735725037
-0.1727515567
-0.1719841744
-0.1706954938
-0.1687935349
-0.1666695285
-0.1646798463
-0.1631086220
-0.1621998390
-0.1618442037
-0.1615130125
-0.1603641805
-0.1574972494
-0.1530099260
-0.1488583791
-0.1477082147
-0.1504168897
-0.1544190480
-0.1547742468
-0.1482645416
-0.1375894921
-0.1306295459
-0.1339297374
-0.1457245233
-0.1550192575
-0.1489460273
-0.1231524422
-0.0854701132
-0.0491803001
-0.0707920990
-0.1240837037
-0.1815737007
-0.2255668041
-0.2450052444
-0.2439285684
-0.2368010333
-0.2362518222
-0.2448324069
-0.2559005881
-0.2611403891
-0.2579641896
-0.2504487236
-0.2444676258
-0.2430943379
-0.2455256375
-0.2487826999
-0.2504549924
-0.2500203192
-0.2479260050
-0.2447092976
-0.2410854595
-0.2377078095
-0.2349127027
-0.2330688168
-0.2324933664
-0.2329596166
-0.2336479447
-0.2331944069
-0.2301908943
-0.2246733763
-0.2186811140
-0.2146656078
-0.2136983688
-0.2149744946
-0.2164943836
-0.2167118398
-0.2157297654
-0.2146144098
-0.2141190459
-0.2142577336
-0.2142902346
-0.2131817877
-0.2105550066
-0.2067786334
-0.2023094637
-0.1977117898
-0.1938337837
-0.1913376395
-0.1904120088
-0.1908308547
-0.1919257216
-0.1928981511
-0.1931825171
-0.1922675521
-0.1898828543
-0.1866616237
-0.1838375457
-0.1821796847
-0.1814681181
-0.1805647098
-0.1781497823
-0.1740824402
-0.1697677952
-0.1668907299
-0.1661575733
-0.1670007718
-0.1680470578
-0.1682249311
-0.1675068131
-0.1664052018
-0.1652879289
-0.1643085145
-0.1633447540
-0.1620751896
-0.1604373522
-0.1586405109
-0.1568249685
-0.1551741308
-0.1539727170
-0.1532343704
-0.1525668912
-0.1512590256
-0.1485191822
-0.1444373516
-0.1407634252
-0.1398424555
-0.1422919232
-0.1455107864
-0.1447148403
-0.1369728808
-0.1254023972
-0.1184248053
-0.1230037848
-0.1372621199
-0.1494856311
-0.1459433032
-0.1218186867
-0.0849924598
-0.0490458179
-0.0670931434
-0.1175161423
-0.1717452046
-0.2129048525
-0.2305225669
-0.2286514695
-0.2213768980
-0.2209267083
-0.2296081899
-0.2406940656
-0.2458890703
-0.2426705380
-0.2352075735
-0.2294895695
-0.2286714533
-0.2319634112
-0.2363549054
-0.2393175798
-0.2400567464
-0.2386900822
-0.2356110962
-0.2317289341
-0.2281247928
-0.2254897806
-0.2242211570
-0.2243696849
-0.2253705396
-0.2261454216
-0.2251729674
-0.2210264160
-0.2139835368
-0.2066413294
-0.2020829848
-0.2016194989
-0.2040746781
-0.2067816240
-0.2077595393
-0.2071622017
-0.2064243928
-0.2065776640
-0.2075066375
-0.2079925538
-0.2065717425
-0.2028677579
-0.1977063972
-0.1921206540
-0.1870046967
-0.1832310989
-0.1813668362
-0.1815198892
-0.1834028259
-0.1862641284
-0.1890902167
-0.1908391752
-0.1903856362
-0.1871789907
-0.1823286381
-0.1781392919
-0.1762810356
-0.1765494883
-0.1769597653
-0.1752147395
-0.1708062139
-0.1655214553
-0.1617309726
-0.1606001399
-0.1616208065
-0.1632430322
-0.1641602144
-0.1640935296
-0.1633235306
-0.1621282209
-0.1608184930
-0.1596094984
-0.1584523629
-0.1572660679
-0.1559633044
-0.1543528534
-0.1524903370
-0.1507765551
-0.1494475015
-0.1482928478
-0.1467069119
-0.1439505819
-0.1400910492
-0.1367430171
-0.1360432082
-0.1384157955
-0.1411315509
-0.1393684202
-0.1303387757
-0.1176316890
-0.1104356715
-0.1163314369
-0.1332978725
-0.1486125569
-0.1473379505
-0.1240814420
-0.0869956499
-0.0503340965
-0.0683819920
-0.1200574527
-0.1762003901
-0.2199841574
-0.2407648144
-0.2420197909
-0.2369490843
-0.2371427968
-0.2450647875
-0.2548267576
-0.2589807120
-0.2553061902
-0.2477025874
-0.2417087661
-0.2403002051
-0.2429191399
-0.2469390033
-0.2499963306
-0.2510882352
-0.2499221987
-0.2466498871
-0.2423527322
-0.2385644021
-0.2363217624
-0.2359745007
-0.2371650670
-0.2388647819
-0.2397693209
-0.2383943613
-0.2334832597
-0.2255903193
-0.2177091429
-0.2132737251
-0.2136048331
-0.2170569418
-0.2202660515
-0.2208714282
-0.2193139311
-0.2177432166
-0.2177236658
-0.2190730788
-0.2199988604
-0.2184509805
-0.2139223020
-0.2075951781
-0.2009974080
-0.1953471477
-0.1916247515
-0.1903856480
-0.1916731054
-0.1950732918
-0.1996162899
-0.2039441686
-0.2064906371
-0.2055300499
-0.2003172712
-0.1926884536
-0.1864045405
-0.1843328945
-0.1862876267
-0.1891464130
-0.1892425202
-0.1854007854
-0.1795996564
-0.1747637304
-0.1725190821
-0.1726130585
-0.1735892929
-0.1741059052
-0.1737440066
-0.1726008069
-0.1708636113
-0.1689697934
-0.1674202344
-0.1663750215
-0.1656791720
-0.1648982281
-0.1634628032
-0.1612957080
-0.1589561423
-0.1569387633
-0.1552098102
-0.1532219191
-0.1502247397
-0.1462635203
-0.1429493083
-0.1424082010
-0.1449888089
-0.1477798374
-0.1457227881
-0.1359566714
-0.1224122687
-0.1149796923
-0.1217935796
-0.1406355762
-0.1577439027
-0.1569712912
-0.1324673298
-0.0929784583
-0.0538274798
-0.0737581800
-0.1300950527
-0.1924913891
-0.2435839568
-0.2719536565
-0.2799714504
-0.2794384821
-0.2810272184
-0.2876617399
-0.2950743862
-0.2973735768
-0.2928513297
-0.2848372387
-0.2779405386
-0.2747357896
-0.2750888004
-0.2771233961
-0.2789088845
-0.2793428840
-0.2777209849
-0.2739008797
-0.2690791953
-0.2651787622
-0.2635079970
-0.2642999788
-0.2667205831
-0.2692366823
-0.2703874751
-0.2689017406
-0.2638385172
-0.2560035387
-0.2485452324
-0.2448980344
-0.2461616559
-0.2502165515
-0.2531112821
-0.2522389474
-0.2485140015
-0.2450166726
-0.2440033747
-0.2453045901
-0.2465712412
-0.2451232505
-0.2402104253
-0.2331895158
-0.2258946123
-0.2197948963
-0.2160439601
-0.2152787088
-0.2175109559
-0.2221593823
-0.2279410334
-0.2330919454
-0.2355788610
-0.2332136824
-0.2251876719
-0.2141749009
-0.2054931559
-0.2032700175
-0.2073360576
-0.2133590605
-0.2161740327
-0.2137627069
-0.2080545886
-0.2022775633
-0.1984269414
-0.1966581582
-0.1958723340
-0.1949081978
-0.1933467801
-0.1911838607
-0.1885309423
-0.1858954521
-0.1839580839
-0.1829875806
-0.1827183279
-0.1823902967
-0.1810864354
-0.1786132740
-0.1756864057
-0.1730331061
-0.1707577491
-0.1683298071
-0.1649481392
-0.1606446004
-0.1571291303
-0.1566731458
-0.1596681968
-0.1630490005
-0.1614552575
-0.1518035345
-0.1381159881
-0.1306312840
-0.1377323056
-0.1569957639
-0.1739584292
-0.1717008248
-0.1442102152
-0.1009554582
-0.0583629181
-0.0778542815
-0.1379293359
-0.2056638664
-0.2635320072
-0.2995462818
-0.3148104398
-0.3193081968
-0.3224481349
-0.3275852165
-0.3323241897
-0.3326110490
-0.3273253344
-0.3190683455
-0.3112904003
-0.3060398419
-0.3036355788
-0.3030710580
-0.3029774037
-0.3022721535
-0.2999464646
-0.2955998461
-0.2904484146
-0.2866247790
-0.2855679772
-0.2873712837
-0.2908099672
-0.2939767422
-0.2953724354
-0.2940340513
-0.2893821105
-0.2823797232
-0.2760571147
-0.2735373267
-0.2755775179
-0.2797490137
-0.2818264052
-0.2791696885
-0.2731468827
-0.2676008821
-0.2653560895
-0.2663048867
-0.2677436446
-0.2665548701
-0.2617544670
-0.2546864998
-0.2472580118
-0.2410468476
-0.2373447490
-0.2368874334
-0.2396814991
-0.2450081123
-0.2513232522
-0.2565631515
-0.2584241100
-0.2545030275
-0.2440434567
-0.2303606259
-0.2198905697
-0.2176612633
-0.2235203149
-0.2322753760
-0.2376677112
-0.2369745679
-0.2318844806
-0.2256152634
-0.2203370007
-0.2166117977
-0.2138127616
-0.2110845774
-0.2081023222
-0.2048281951
-0.2013183219
-0.1980866989
-0.1958739186
-0.1949693190
-0.1950081285
-0.1950104458
-0.1938318259
-0.1912016303
-0.1879323200
-0.1848944871
-0.1822766599
-0.1795583574
-0.1759057581
-0.1713446767
-0.1676611156
-0.1672490032
-0.1705864123
-0.1746103067
-0.1738741335
-0.1651429805
-0.1522275621
-0.1450801770
-0.1518080276
-0.1699004804
-0.1850314939
-0.1805066826
-0.1505653878
-0.1050019782
-0.0605767325
-0.0744091528
-0.1322355519
-0.1982318810
-0.2561871097
-0.2946898164
-0.3138573891
-0.3215731824
-0.3255834694
-0.3292726804
-0.3317622939
-0.3306247588
-0.3252424078
-0.3174841128
-0.3096925692
-0.3033709004
-0.2991288860
-0.2966578202
-0.2951095372
-0.2935334006
-0.2908249992
-0.2864514012
-0.2815211075
-0.2780924443
-0.2775406973
-0.2798508135
-0.2836535703
-0.2869729830
-0.2884326271
-0.2873779652
-0.2835296425
-0.2778549490
-0.2729929234
-0.2715264124
-0.2738875446
-0.2776725569
-0.2788851762
-0.2751269213
-0.2679630408
-0.2614108766
-0.2584279172
-0.2589719465
-0.2603658840
-0.2594907545
-0.2552809202
-0.2489122323
-0.2421246382
-0.2364065297
-0.2330356766
-0.2327654500
-0.2356069839
-0.2408118463
-0.2467915174
-0.2514675972
-0.2525881653
-0.2478628906
-0.2366637276
-0.2224283859
-0.2117274698
-0.2097066249
-0.2162363393
-0.2260425092
-0.2327241534
-0.2333308951
-0.2292025727
-0.2232114503
-0.2174220982
-0.2126279859
-0.2086027435
-0.2048003128
-0.2010131294
-0.1972052078
-0.1933977654
-0.1900508472
-0.1878522069
-0.1870556139
-0.1872604922
-0.1874456666
-0.1864371720
-0.1839449088
-0.1807668093
-0.1777763898
-0.1751875775
-0.1725235907
-0.1689969105
-0.1646298326
-0.1611188972
-0.1607542906
-0.1640502572
-0.1682235662
-0.1682448411
-0.1610414447
-0.1499013358
-0.1436395867
-0.1494059798
-0.1648549188
-0.1770868404
-0.1711202386
-0.1419256849
-0.0986615325
-0.0568202181
-0.0613296923
-0.1091960409
-0.1642202751
-0.2133102580
-0.2470836120
-0.2651698987
-0.2732398396
-0.2770566338
-0.2794977743
-0.2805411617
-0.2789059056
-0.2743077391
-0.2679783325
-0.2613713505
-0.2554978357
-0.2510114774
-0.2479835051
-0.2459470001
-0.2441675623
-0.2416743819
-0.2379577565
-0.2338990166
-0.2311925871
-0.2309623502
-0.2331435334
-0.2365165272
-0.2393864301
-0.2406536837
-0.2399141235
-0.2370734656
-0.2329451554
-0.2295612717
-0.2288342229
-0.2309697630
-0.2339568333
-0.2345420659
-0.2308230293
-0.2242152805
-0.2181888397
-0.2153004119
-0.2155486159
-0.2166946877
-0.2161117598
-0.2128600733
-0.2078422474
-0.2024354507
-0.1978473098
-0.1951509544
-0.1949943090
-0.1973911557
-0.2016962726
-0.2065476860
-0.2101867766
-0.2107461937
-0.2063585295
-0.1965608340
-0.1843055825
-0.1751846569
-0.1735815532
-0.1793971572
-0.1881548610
-0.1944000340
-0.1955395563
-0.1925311702
-0.1876221517
-0.1824964765
-0.1779332056
-0.1739353497
-0.1701937948
-0.1665948134
-0.1631144005
-0.1597560857
-0.1568793583
-0.1550324410
-0.1544065753
-0.1546468768
-0.1548780608
-0.1541020400
-0.1520672746
-0.1494378879
-0.1469476308
-0.1447849768
-0.1425658546
-0.1396462910
-0.1360442038
-0.1331532176
-0.1328630965
-0.1356296666
-0.1392380068
-0.1396392909
-0.1343120878
-0.1257743173
-0.1209133713
-0.1252984230
-0.1370285285
-0.1459069118
-0.1401191266
-0.1157780236
-0.0803142273
-0.0462003253
-0.0424888791
-0.0757304386
-0.1140968334
-0.1486233036
-0.1728189439
-0.1862445328
-0.1925054586
-0.1953514391
-0.1968102033
-0.1971405543
-0.1957362032
-0.1924878699
-0.1881280165
-0.1834769798
-0.1791458997
-0.1756465215
-0.1731554851
-0.1714406158
-0.1700138094
-0.1681807348
-0.1655616322
-0.1627533368
-0.1609264679
-0.1608539219
-0.1624702721
-0.1648966012
-0.1669348331
-0.1678382208
-0.1673802090
-0.1655484374
-0.1629113313
-0.1608177651
-0.1605048094
-0.1620551908
-0.1640662961
-0.1643039520
-0.1614817508
-0.1566287984
-0.1522085845
-0.1500369900
-0.1501267660
-0.1509171672
-0.1505690767
-0.1484076037
-0.1450295639
-0.1413636127
-0.1382370113
-0.1364007083
-0.1363145289
-0.1379902693
-0.1409703012
-0.1442911843
-0.1467182199
-0.1469560967
-0.1437225051
-0.1367195927
-0.1280362794
-0.1216088320
-0.1205242326
-0.1247167137
-0.1310394663
-0.1356497745
-0.1366905365
-0.1347659502
-0.1313821550
-0.1276962612
-0.1242963408
-0.1212593444
-0.1184273625
-0.1157452416
-0.1131996942
-0.1107881575
-0.1087511504
-0.1074594432
-0.1070371909
-0.1072291089
-0.1074174099
-0.1069006349
-0.1055003138
-0.1036782067
-0.1019466378
-0.1004399823
-0.0988953584
-0.0968687188
-0.0943724465
-0.0923702937
-0.0921725180
-0.0941080954
-0.0966749121
-0.0971074604
-0.0936635773
-0.0880094202
-0.0847624392
-0.0876491722
-0.0953664009
-0.1010281917
-0.0966679117
-0.0796977217
-0.0552160122
-0.0317408171
-0.0244250451
-0.0435593159
-0.0656917094
-0.0857018580
-0.0998613059
-0.1078602821
-0.1116699406
-0.1133695782
-0.1141355564
-0.1142026057
-0.1133103419
-0.1114234114
-0.1089249377
-0.1062278698
-0.1036554687
-0.1015203559
-0.0999640116
-0.0988817073
-0.0979995857
-0.0969119917
-0.0953924066
-0.0937794299
-0.0927445713
-0.0927300198
-0.0936917021
-0.0951139716
-0.0963009556
-0.0968283194
-0.0965826855
-0.0955735330
-0.0941289154
-0.0930052551
-0.0928856001
-0.0937985698
-0.0949353020
-0.0950183071
-0.0933184037
-0.0904422699
-0.0878242934
-0.0865220250
-0.0865472023
-0.0870000349
-0.0868177026
-0.0856047923
-0.0836950286
-0.0816137493
-0.0798332578
-0.0787875413
-0.0787444345
-0.0797114984
-0.0814224045
-0.0833171952
-0.0846812112
-0.0847697831
-0.0828499210
-0.0787578269
-0.0737074623
-0.0699800527
-0.0693649888
-0.0718253590
-0.0755387978
-0.0782772876
-0.0789546517
-0.0778992723
-0.0759604101
-0.0737998133
-0.0717706176
-0.0699406727
-0.0682370380
-0.0666356249
-0.0651300305
-0.0637172843
-0.0625328349
-0.0617866994
-0.0615474145
-0.0616653111
-0.0617819619
-0.0614913111
-0.0606895523
-0.0596425097
-0.0586457162
-0.0577774549
-0.0568875648
-0.0557214552
-0.0542862595
-0.0531354660
-0.0530226443
-0.0541411570
-0.0556379013
-0.0559357912
-0.0540348528
-0.0508678181
-0.0490396777
-0.0506504657
-0.0549555112
-0.0580536871
-0.0554354351
-0.0456468078
-0.0316025554
-0.0181596224
